#
# There is insufficient memory for the Java Runtime Environment to continue.
# Native memory allocation (mmap) failed to map 46530560 bytes. Error detail: G1 virtual space
# Possible reasons:
#   The system is out of physical RAM or swap space
#   This process is running with CompressedOops enabled, and the Java Heap may be blocking the growth of the native heap
# Possible solutions:
#   Reduce memory load on the system
#   Increase physical memory or swap space
#   Check if swap backing store is full
#   Decrease Java heap size (-Xmx/-Xms)
#   Decrease number of Java threads
#   Decrease Java thread stack sizes (-Xss)
#   Set larger code cache with -XX:ReservedCodeCacheSize=
#   JVM is running with Zero Based Compressed Oops mode in which the Java heap is
#     placed in the first 32GB address space. The Java Heap base address is the
#     maximum limit for the native heap growth. Please use -XX:HeapBaseMinAddress
#     to set the Java Heap base and to place the Java Heap above 32GB virtual address.
# This output file may be truncated or incomplete.
#
#  Out of Memory Error (os_windows.cpp:3707), pid=3352, tid=31728
#
# JRE version: OpenJDK Runtime Environment Zulu23.32+11-CA (23.0.2+7) (build 23.0.2+7)
# Java VM: OpenJDK 64-Bit Server VM Zulu23.32+11-CA (23.0.2+7, mixed mode, sharing, tiered, compressed oops, compressed class ptrs, g1 gc, windows-amd64)
# No core dump will be written. Minidumps are not enabled by default on client versions of Windows
#

---------------  S U M M A R Y ------------

Command Line: -Xmx13586471322 -XX:+RestoreMXCSROnJNICalls -Xcheck:jni -Xrs -Duser.language=en -Duser.country=US -Duser.variant= -Djava.io.tmpdir=C:\Users\brand\AppData\Local\Temp\r5pyrlpk67sr 

Host: Intel(R) Core(TM) i7-9750H CPU @ 2.60GHz, 12 cores, 15G,  Windows 11 , 64 bit Build 26100 (10.0.26100.4768)
Time: Wed Aug 13 18:58:45 2025 Hora oficial do Brasil elapsed time: 44.983022 seconds (0d 0h 0m 44s)

---------------  T H R E A D  ---------------

Current thread (0x000002301d8c86e0):  VMThread "VM Thread"          [id=31728, stack(0x0000005797080000,0x0000005797270000) (1984K)]

Stack: [0x0000005797080000,0x0000005797270000]
Native frames: (J=compiled Java code, j=interpreted, Vv=VM code, C=native code)
C  0x00007ff81be0fb29  (no source info available)
C  0x00007ff81c000913  (no source info available)
C  0x00007ff81c002bde  (no source info available)
C  0x00007ff81c0032c3  (no source info available)
C  0x00007ff81b9a5ba6  (no source info available)
C  0x00007ff81be0c365  (no source info available)
C  0x00007ff81bdfffda  (no source info available)
C  0x00007ff81ba87dba  (no source info available)
C  0x00007ff81ba901f6  (no source info available)
C  0x00007ff81ba7c773  (no source info available)
C  0x00007ff81ba7c9f8  (no source info available)
C  0x00007ff81ba54a9c  (no source info available)
C  0x00007ff81ba54b2a  (no source info available)
C  0x00007ff81baa0d6d  (no source info available)
C  0x00007ff81ba9f3d1  (no source info available)
C  0x00007ff81ba54277  (no source info available)
C  0x00007ff81ba9eb74  (no source info available)
C  0x00007ff81c009348  (no source info available)
C  0x00007ff81c00a657  (no source info available)
C  0x00007ff81c00ab88  (no source info available)
C  0x00007ff81c00ae23  (no source info available)
C  0x00007ff81bfa6aa8  (no source info available)
C  0x00007ff81be0e345  (no source info available)
C  [ucrtbase.dll+0x37b0]  (no source info available)
C  [KERNEL32.DLL+0x2e8d7]  (no source info available)
C  [ntdll.dll+0x3c34c]  (no source info available)

VM_Operation (0x000000579c5beb50): G1CollectForAllocation, mode: safepoint, requested by thread 0x0000023094463020


---------------  P R O C E S S  ---------------

Threads class SMR info:
_java_thread_list=0x0000023097a178a0, length=25, elements={
0x000002301d513330, 0x000002302009e7c0, 0x000002302009ee50, 0x000002302009f4e0,
0x000002302009c060, 0x000002302009daa0, 0x000002301d918060, 0x000002301d91cb50,
0x000002302009cd80, 0x000002302009fb70, 0x00000230200a0200, 0x00000230944615e0,
0x00000230944608c0, 0x000002309445ee80, 0x0000023094463020, 0x00000230944643d0,
0x00000230944636b0, 0x0000023094462990, 0x0000023094464a60, 0x00000230944650f0,
0x0000023094465e10, 0x0000023094463d40, 0x0000023094465780, 0x0000023094469290,
0x00000230973c9030
}

Java Threads: ( => current thread )
  0x000002301d513330 JavaThread "main"                              [_thread_blocked, id=11064, stack(0x0000005793200000,0x00000057933f0000) (1984K)]
  0x000002302009e7c0 JavaThread "Reference Handler"          daemon [_thread_blocked, id=28132, stack(0x0000005797270000,0x0000005797460000) (1984K)]
  0x000002302009ee50 JavaThread "Finalizer"                  daemon [_thread_blocked, id=31112, stack(0x0000005797460000,0x0000005797650000) (1984K)]
  0x000002302009f4e0 JavaThread "Attach Listener"            daemon [_thread_blocked, id=28444, stack(0x0000005797650000,0x0000005797840000) (1984K)]
  0x000002302009c060 JavaThread "Service Thread"             daemon [_thread_blocked, id=8240, stack(0x0000005797840000,0x0000005797a30000) (1984K)]
  0x000002302009daa0 JavaThread "Monitor Deflation Thread"   daemon [_thread_blocked, id=30212, stack(0x0000005797a30000,0x0000005797c20000) (1984K)]
  0x000002301d918060 JavaThread "C2 CompilerThread0"         daemon [_thread_blocked, id=13976, stack(0x0000005797c20000,0x0000005797e10000) (1984K)]
  0x000002301d91cb50 JavaThread "C1 CompilerThread0"         daemon [_thread_blocked, id=13708, stack(0x0000005797e10000,0x0000005798000000) (1984K)]
  0x000002302009cd80 JavaThread "Notification Thread"        daemon [_thread_blocked, id=32444, stack(0x0000005798000000,0x00000057981f0000) (1984K)]
  0x000002302009fb70 JavaThread "Common-Cleaner"             daemon [_thread_blocked, id=29064, stack(0x00000057981f0000,0x00000057983e0000) (1984K)]
  0x00000230200a0200 JavaThread "Python Reference Queue"     daemon [_thread_blocked, id=29656, stack(0x00000057985d0000,0x00000057987c0000) (1984K)]
  0x00000230944615e0 JavaThread "WeakCollectionCleaner"      daemon [_thread_blocked, id=31608, stack(0x000000579b830000,0x000000579ba20000) (1984K)]
  0x00000230944608c0 JavaThread "GT authority factory disposer" daemon [_thread_blocked, id=12652, stack(0x000000579be00000,0x000000579bff0000) (1984K)]
  0x000002309445ee80 JavaThread "ForkJoinPool.commonPool-worker-1" daemon [_thread_blocked, id=20072, stack(0x000000579c1e0000,0x000000579c3d0000) (1984K)]
  0x0000023094463020 JavaThread "ForkJoinPool.commonPool-worker-2" daemon [_thread_blocked, id=13860, stack(0x000000579c3d0000,0x000000579c5c0000) (1984K)]
  0x00000230944643d0 JavaThread "ForkJoinPool.commonPool-worker-3" daemon [_thread_blocked, id=22196, stack(0x000000579c5c0000,0x000000579c7b0000) (1984K)]
  0x00000230944636b0 JavaThread "ForkJoinPool.commonPool-worker-4" daemon [_thread_blocked, id=26236, stack(0x000000579c7b0000,0x000000579c9a0000) (1984K)]
  0x0000023094462990 JavaThread "ForkJoinPool.commonPool-worker-5" daemon [_thread_blocked, id=32028, stack(0x000000579c9a0000,0x000000579cb90000) (1984K)]
  0x0000023094464a60 JavaThread "ForkJoinPool.commonPool-worker-6" daemon [_thread_blocked, id=28588, stack(0x000000579cb90000,0x000000579cd80000) (1984K)]
  0x00000230944650f0 JavaThread "ForkJoinPool.commonPool-worker-7" daemon [_thread_blocked, id=31896, stack(0x000000579cd80000,0x000000579cf70000) (1984K)]
  0x0000023094465e10 JavaThread "ForkJoinPool.commonPool-worker-8" daemon [_thread_blocked, id=25712, stack(0x000000579cf70000,0x000000579d160000) (1984K)]
  0x0000023094463d40 JavaThread "ForkJoinPool.commonPool-worker-9" daemon [_thread_blocked, id=30352, stack(0x000000579d160000,0x000000579d350000) (1984K)]
  0x0000023094465780 JavaThread "ForkJoinPool.commonPool-worker-10" daemon [_thread_blocked, id=27728, stack(0x000000579d350000,0x000000579d540000) (1984K)]
  0x0000023094469290 JavaThread "ForkJoinPool.commonPool-worker-11" daemon [_thread_blocked, id=4844, stack(0x000000579d540000,0x000000579d730000) (1984K)]
  0x00000230973c9030 JavaThread "C2 CompilerThread1"         daemon [_thread_blocked, id=28692, stack(0x000000579b640000,0x000000579b830000) (1984K)]
Total: 25

Other Threads:
=>0x000002301d8c86e0 VMThread "VM Thread"                           [id=31728, stack(0x0000005797080000,0x0000005797270000) (1984K)]
  0x000002301d88fb10 WatcherThread "VM Periodic Task Thread"        [id=17656, stack(0x0000005796e90000,0x0000005797080000) (1984K)]
  0x000002301d8c91f0 WorkerThread "GC Thread#0"                     [id=29544, stack(0x00000057964e0000,0x00000057966d0000) (1984K)]
  0x000002301d8ca810 WorkerThread "GC Thread#1"                     [id=29396, stack(0x00000057987c0000,0x00000057989b0000) (1984K)]
  0x000002301d8c7bd0 WorkerThread "GC Thread#2"                     [id=28904, stack(0x00000057989b0000,0x0000005798ba0000) (1984K)]
  0x000002301d8cd0a0 WorkerThread "GC Thread#3"                     [id=26100, stack(0x0000005798ba0000,0x0000005798d90000) (1984K)]
  0x000002301d8cbe30 WorkerThread "GC Thread#4"                     [id=29952, stack(0x0000005798d90000,0x0000005798f80000) (1984K)]
  0x000002301d8cccf0 WorkerThread "GC Thread#5"                     [id=24772, stack(0x0000005799170000,0x0000005799360000) (1984K)]
  0x000002301d8cc1e0 WorkerThread "GC Thread#6"                     [id=18244, stack(0x0000005799550000,0x0000005799740000) (1984K)]
  0x000002301d8cdf60 WorkerThread "GC Thread#7"                     [id=26056, stack(0x0000005799740000,0x0000005799930000) (1984K)]
  0x000002301d8ca460 WorkerThread "GC Thread#8"                     [id=29160, stack(0x0000005799930000,0x0000005799b20000) (1984K)]
  0x00000230943f7c70 WorkerThread "GC Thread#9"                     [id=15776, stack(0x0000005799360000,0x0000005799550000) (1984K)]
  0x000002301d8eacf0 ConcurrentGCThread "G1 Main Marker"            [id=26136, stack(0x00000057966d0000,0x00000057968c0000) (1984K)]
  0x000002301d8c7820 WorkerThread "G1 Conc#0"                       [id=9064, stack(0x00000057968c0000,0x0000005796ab0000) (1984K)]
  0x00000230943f7160 WorkerThread "G1 Conc#1"                       [id=27760, stack(0x000000579ba20000,0x000000579bc10000) (1984K)]
  0x00000230943f8780 WorkerThread "G1 Conc#2"                       [id=6536, stack(0x000000579bc10000,0x000000579be00000) (1984K)]
  0x000002301d874e70 ConcurrentGCThread "G1 Refine#0"               [id=29948, stack(0x0000005796ab0000,0x0000005796ca0000) (1984K)]
  0x000002301d929030 ConcurrentGCThread "G1 Service"                [id=11284, stack(0x0000005796ca0000,0x0000005796e90000) (1984K)]
Total: 18

Threads with active compile tasks:
Total: 0

VM state: at safepoint (normal execution)

VM Mutex/Monitor currently owned by a thread:  ([mutex/lock_event])
[0x00007ff81c415d38] Threads_lock - owner thread: 0x000002301d8c86e0
[0x00007ff81c415e38] Heap_lock - owner thread: 0x0000023094463020

Heap address: 0x00000004d6000000, size: 12960 MB, Compressed Oops mode: Zero based, Oop shift amount: 3

CDS archive(s) mapped at: [0x000002304c000000-0x000002304cd70000-0x000002304cd70000), size 14090240, SharedBaseAddress: 0x000002304c000000, ArchiveRelocationMode: 1.
Compressed class space mapped at: 0x000002304d000000-0x000002308d000000, reserved size: 1073741824
Narrow klass base: 0x000002304c000000, Narrow klass shift: 0, Narrow klass range: 0x41000000

GC Precious Log:
 CardTable entry size: 512
 Card Set container configuration: InlinePtr #cards 4 size 8 Array Of Cards #cards 64 size 144 Howl #buckets 8 coarsen threshold 14745 Howl Bitmap #cards 2048 size 272 coarsen threshold 1843 Card regions per heap region 1 cards per card region 16384
 CPUs: 12 total, 12 available
 Memory: 16196M
 Large Page Support: Disabled
 NUMA Support: Disabled
 Compressed Oops: Enabled (Zero based)
 Heap Region Size: 8M
 Heap Min Capacity: 8M
 Heap Initial Capacity: 256M
 Heap Max Capacity: 12960M
 Pre-touch: Disabled
 Parallel Workers: 10
 Concurrent Workers: 3
 Concurrent Refinement Workers: 10
 Periodic GC: Disabled

Heap:
 garbage-first heap   total reserved 13271040K, committed 2392064K, used 828249K [0x00000004d6000000, 0x0000000800000000)
  region size 8192K, 4 young (32768K), 4 survivors (32768K)
 Metaspace       used 23071K, committed 23488K, reserved 1114112K
  class space    used 2632K, committed 2816K, reserved 1048576K

Heap Regions: E=young(eden), S=young(survivor), O=old, HS=humongous(starts), HC=humongous(continues), CS=collection set, F=free, TAMS=top-at-mark-start, PB=parsable bottom
|   0|0x00000004d6000000, 0x00000004d67fffe0, 0x00000004d6800000| 99%| O|  |TAMS 0x00000004d6000000| PB 0x00000004d6000000| Untracked |  0
|   1|0x00000004d6800000, 0x00000004d6fffff8, 0x00000004d7000000| 99%| O|  |TAMS 0x00000004d6800000| PB 0x00000004d6800000| Untracked |  0
|   2|0x00000004d7000000, 0x00000004d77fca20, 0x00000004d7800000| 99%| O|  |TAMS 0x00000004d7000000| PB 0x00000004d7000000| Untracked |  0
|   3|0x00000004d7800000, 0x00000004d8000000, 0x00000004d8000000|100%|HS|  |TAMS 0x00000004d7800000| PB 0x00000004d7800000| Untracked |  0
|   4|0x00000004d8000000, 0x00000004d87fff30, 0x00000004d8800000| 99%| O|  |TAMS 0x00000004d8000000| PB 0x00000004d8000000| Untracked |  0
|   5|0x00000004d8800000, 0x00000004d9000000, 0x00000004d9000000|100%| O|  |TAMS 0x00000004d8800000| PB 0x00000004d8800000| Untracked |  0
|   6|0x00000004d9000000, 0x00000004d9800000, 0x00000004d9800000|100%| O|  |TAMS 0x00000004d9000000| PB 0x00000004d9000000| Untracked |  0
|   7|0x00000004d9800000, 0x00000004da000000, 0x00000004da000000|100%| O|  |TAMS 0x00000004d9800000| PB 0x00000004d9800000| Untracked |  0
|   8|0x00000004da000000, 0x00000004da800000, 0x00000004da800000|100%| O|  |TAMS 0x00000004da000000| PB 0x00000004da000000| Untracked |  0
|   9|0x00000004da800000, 0x00000004daffffe0, 0x00000004db000000| 99%| O|  |TAMS 0x00000004da800000| PB 0x00000004da800000| Untracked |  0
|  10|0x00000004db000000, 0x00000004db7fe3f0, 0x00000004db800000| 99%| O|  |TAMS 0x00000004db000000| PB 0x00000004db000000| Untracked |  0
|  11|0x00000004db800000, 0x00000004dbffdc88, 0x00000004dc000000| 99%| O|  |TAMS 0x00000004db800000| PB 0x00000004db800000| Untracked |  0
|  12|0x00000004dc000000, 0x00000004dc800000, 0x00000004dc800000|100%| O|  |TAMS 0x00000004dc000000| PB 0x00000004dc000000| Untracked |  0
|  13|0x00000004dc800000, 0x00000004dd000000, 0x00000004dd000000|100%| O|  |TAMS 0x00000004dc800000| PB 0x00000004dc800000| Untracked |  0
|  14|0x00000004dd000000, 0x00000004dd7ff818, 0x00000004dd800000| 99%| O|  |TAMS 0x00000004dd000000| PB 0x00000004dd000000| Untracked |  0
|  15|0x00000004dd800000, 0x00000004ddfffff0, 0x00000004de000000| 99%| O|  |TAMS 0x00000004dd800000| PB 0x00000004dd800000| Untracked |  0
|  16|0x00000004de000000, 0x00000004de7fffb8, 0x00000004de800000| 99%| O|  |TAMS 0x00000004de000000| PB 0x00000004de000000| Untracked |  0
|  17|0x00000004de800000, 0x00000004df000000, 0x00000004df000000|100%| O|  |TAMS 0x00000004de800000| PB 0x00000004de800000| Untracked |  0
|  18|0x00000004df000000, 0x00000004df800000, 0x00000004df800000|100%| O|  |TAMS 0x00000004df000000| PB 0x00000004df000000| Untracked |  0
|  19|0x00000004df800000, 0x00000004e0000000, 0x00000004e0000000|100%| O|  |TAMS 0x00000004df800000| PB 0x00000004df800000| Untracked |  0
|  20|0x00000004e0000000, 0x00000004e07fcb18, 0x00000004e0800000| 99%| O|  |TAMS 0x00000004e0000000| PB 0x00000004e0000000| Untracked |  0
|  21|0x00000004e0800000, 0x00000004e0fffff8, 0x00000004e1000000| 99%| O|  |TAMS 0x00000004e0800000| PB 0x00000004e0800000| Untracked |  0
|  22|0x00000004e1000000, 0x00000004e17fee00, 0x00000004e1800000| 99%| O|  |TAMS 0x00000004e1000000| PB 0x00000004e1000000| Untracked |  0
|  23|0x00000004e1800000, 0x00000004e1fffff8, 0x00000004e2000000| 99%| O|  |TAMS 0x00000004e1800000| PB 0x00000004e1800000| Untracked |  0
|  24|0x00000004e2000000, 0x00000004e27d3ab8, 0x00000004e2800000| 97%| O|  |TAMS 0x00000004e2000000| PB 0x00000004e2000000| Untracked |  0
|  25|0x00000004e2800000, 0x00000004e3000000, 0x00000004e3000000|100%| O|  |TAMS 0x00000004e2800000| PB 0x00000004e2800000| Untracked |  0
|  26|0x00000004e3000000, 0x00000004e3800000, 0x00000004e3800000|100%| O|  |TAMS 0x00000004e3000000| PB 0x00000004e3000000| Untracked |  0
|  27|0x00000004e3800000, 0x00000004e4000000, 0x00000004e4000000|100%| O|  |TAMS 0x00000004e3800000| PB 0x00000004e3800000| Untracked |  0
|  28|0x00000004e4000000, 0x00000004e47fffe0, 0x00000004e4800000| 99%| O|  |TAMS 0x00000004e4000000| PB 0x00000004e4000000| Untracked |  0
|  29|0x00000004e4800000, 0x00000004e4fffff0, 0x00000004e5000000| 99%| O|  |TAMS 0x00000004e4800000| PB 0x00000004e4800000| Untracked |  0
|  30|0x00000004e5000000, 0x00000004e5800000, 0x00000004e5800000|100%| O|  |TAMS 0x00000004e5000000| PB 0x00000004e5000000| Untracked |  0
|  31|0x00000004e5800000, 0x00000004e6000000, 0x00000004e6000000|100%| O|  |TAMS 0x00000004e5800000| PB 0x00000004e5800000| Untracked |  0
|  32|0x00000004e6000000, 0x00000004e67ffff8, 0x00000004e6800000| 99%| O|  |TAMS 0x00000004e6000000| PB 0x00000004e6000000| Untracked |  0
|  33|0x00000004e6800000, 0x00000004e6ef2ad0, 0x00000004e7000000| 86%| O|  |TAMS 0x00000004e6800000| PB 0x00000004e6800000| Untracked |  0
|  34|0x00000004e7000000, 0x00000004e75e43c0, 0x00000004e7800000| 73%| O|  |TAMS 0x00000004e7000000| PB 0x00000004e7000000| Untracked |  0
|  35|0x00000004e7800000, 0x00000004e786d058, 0x00000004e8000000|  5%| O|  |TAMS 0x00000004e7800000| PB 0x00000004e7800000| Untracked |  0
|  36|0x00000004e8000000, 0x00000004e83d9a48, 0x00000004e8800000| 48%| O|  |TAMS 0x00000004e8000000| PB 0x00000004e8000000| Untracked |  0
|  37|0x00000004e8800000, 0x00000004e8a745e8, 0x00000004e9000000| 30%| O|  |TAMS 0x00000004e8800000| PB 0x00000004e8800000| Untracked |  0
|  38|0x00000004e9000000, 0x00000004e95c46e0, 0x00000004e9800000| 72%| O|  |TAMS 0x00000004e9000000| PB 0x00000004e9000000| Untracked |  0
|  39|0x00000004e9800000, 0x00000004e9ea7250, 0x00000004ea000000| 83%| O|  |TAMS 0x00000004e9800000| PB 0x00000004e9800000| Untracked |  0
|  40|0x00000004ea000000, 0x00000004ea058b00, 0x00000004ea800000|  4%| O|  |TAMS 0x00000004ea000000| PB 0x00000004ea000000| Untracked |  0
|  41|0x00000004ea800000, 0x00000004eb000000, 0x00000004eb000000|100%| O|  |TAMS 0x00000004ea800000| PB 0x00000004ea800000| Untracked |  0
|  42|0x00000004eb000000, 0x00000004eb800000, 0x00000004eb800000|100%| O|  |TAMS 0x00000004eb000000| PB 0x00000004eb000000| Untracked |  0
|  43|0x00000004eb800000, 0x00000004ec000000, 0x00000004ec000000|100%| O|  |TAMS 0x00000004eb800000| PB 0x00000004eb800000| Untracked |  0
|  44|0x00000004ec000000, 0x00000004ec800000, 0x00000004ec800000|100%| O|  |TAMS 0x00000004ec000000| PB 0x00000004ec000000| Untracked |  0
|  45|0x00000004ec800000, 0x00000004ed000000, 0x00000004ed000000|100%| O|  |TAMS 0x00000004ec800000| PB 0x00000004ec800000| Untracked |  0
|  46|0x00000004ed000000, 0x00000004ed800000, 0x00000004ed800000|100%| O|  |TAMS 0x00000004ed000000| PB 0x00000004ed000000| Untracked |  0
|  47|0x00000004ed800000, 0x00000004ee000000, 0x00000004ee000000|100%| O|  |TAMS 0x00000004ed800000| PB 0x00000004ed800000| Untracked |  0
|  48|0x00000004ee000000, 0x00000004ee800000, 0x00000004ee800000|100%| O|  |TAMS 0x00000004ee000000| PB 0x00000004ee000000| Untracked |  0
|  49|0x00000004ee800000, 0x00000004ef000000, 0x00000004ef000000|100%| O|  |TAMS 0x00000004ee800000| PB 0x00000004ee800000| Untracked |  0
|  50|0x00000004ef000000, 0x00000004ef800000, 0x00000004ef800000|100%| O|  |TAMS 0x00000004ef000000| PB 0x00000004ef000000| Untracked |  0
|  51|0x00000004ef800000, 0x00000004f0000000, 0x00000004f0000000|100%| O|  |TAMS 0x00000004ef800000| PB 0x00000004ef800000| Untracked |  0
|  52|0x00000004f0000000, 0x00000004f0800000, 0x00000004f0800000|100%| O|  |TAMS 0x00000004f0000000| PB 0x00000004f0000000| Untracked |  0
|  53|0x00000004f0800000, 0x00000004f1000000, 0x00000004f1000000|100%| O|  |TAMS 0x00000004f0800000| PB 0x00000004f0800000| Untracked |  0
|  54|0x00000004f1000000, 0x00000004f1800000, 0x00000004f1800000|100%| O|  |TAMS 0x00000004f1000000| PB 0x00000004f1000000| Untracked |  0
|  55|0x00000004f1800000, 0x00000004f2000000, 0x00000004f2000000|100%| O|  |TAMS 0x00000004f1800000| PB 0x00000004f1800000| Untracked |  0
|  56|0x00000004f2000000, 0x00000004f2800000, 0x00000004f2800000|100%| O|  |TAMS 0x00000004f2000000| PB 0x00000004f2000000| Untracked |  0
|  57|0x00000004f2800000, 0x00000004f3000000, 0x00000004f3000000|100%| O|  |TAMS 0x00000004f2800000| PB 0x00000004f2800000| Untracked |  0
|  58|0x00000004f3000000, 0x00000004f3800000, 0x00000004f3800000|100%| O|  |TAMS 0x00000004f3000000| PB 0x00000004f3000000| Untracked |  0
|  59|0x00000004f3800000, 0x00000004f4000000, 0x00000004f4000000|100%| O|  |TAMS 0x00000004f3800000| PB 0x00000004f3800000| Untracked |  0
|  60|0x00000004f4000000, 0x00000004f4800000, 0x00000004f4800000|100%| O|  |TAMS 0x00000004f4000000| PB 0x00000004f4000000| Untracked |  0
|  61|0x00000004f4800000, 0x00000004f5000000, 0x00000004f5000000|100%| O|  |TAMS 0x00000004f4800000| PB 0x00000004f4800000| Untracked |  0
|  62|0x00000004f5000000, 0x00000004f5800000, 0x00000004f5800000|100%| O|  |TAMS 0x00000004f5000000| PB 0x00000004f5000000| Untracked |  0
|  63|0x00000004f5800000, 0x00000004f6000000, 0x00000004f6000000|100%| O|  |TAMS 0x00000004f5800000| PB 0x00000004f5800000| Untracked |  0
|  64|0x00000004f6000000, 0x00000004f6800000, 0x00000004f6800000|100%| O|  |TAMS 0x00000004f6000000| PB 0x00000004f6000000| Untracked |  0
|  65|0x00000004f6800000, 0x00000004f7000000, 0x00000004f7000000|100%| O|  |TAMS 0x00000004f6800000| PB 0x00000004f6800000| Untracked |  0
|  66|0x00000004f7000000, 0x00000004f7800000, 0x00000004f7800000|100%| O|  |TAMS 0x00000004f7000000| PB 0x00000004f7000000| Untracked |  0
|  67|0x00000004f7800000, 0x00000004f8000000, 0x00000004f8000000|100%| O|  |TAMS 0x00000004f7800000| PB 0x00000004f7800000| Untracked |  0
|  68|0x00000004f8000000, 0x00000004f8800000, 0x00000004f8800000|100%| O|  |TAMS 0x00000004f8000000| PB 0x00000004f8000000| Untracked |  0
|  69|0x00000004f8800000, 0x00000004f9000000, 0x00000004f9000000|100%| O|  |TAMS 0x00000004f8800000| PB 0x00000004f8800000| Untracked |  0
|  70|0x00000004f9000000, 0x00000004f9800000, 0x00000004f9800000|100%| O|  |TAMS 0x00000004f9000000| PB 0x00000004f9000000| Untracked |  0
|  71|0x00000004f9800000, 0x00000004fa000000, 0x00000004fa000000|100%| O|  |TAMS 0x00000004f9800000| PB 0x00000004f9800000| Untracked |  0
|  72|0x00000004fa000000, 0x00000004fa800000, 0x00000004fa800000|100%| O|  |TAMS 0x00000004fa000000| PB 0x00000004fa000000| Untracked |  0
|  73|0x00000004fa800000, 0x00000004fb000000, 0x00000004fb000000|100%| O|  |TAMS 0x00000004fa800000| PB 0x00000004fa800000| Untracked |  0
|  74|0x00000004fb000000, 0x00000004fb800000, 0x00000004fb800000|100%| O|  |TAMS 0x00000004fb000000| PB 0x00000004fb000000| Untracked |  0
|  75|0x00000004fb800000, 0x00000004fc000000, 0x00000004fc000000|100%| O|  |TAMS 0x00000004fb800000| PB 0x00000004fb800000| Untracked |  0
|  76|0x00000004fc000000, 0x00000004fc800000, 0x00000004fc800000|100%| O|  |TAMS 0x00000004fc000000| PB 0x00000004fc000000| Untracked |  0
|  77|0x00000004fc800000, 0x00000004fd000000, 0x00000004fd000000|100%| O|  |TAMS 0x00000004fc800000| PB 0x00000004fc800000| Untracked |  0
|  78|0x00000004fd000000, 0x00000004fd800000, 0x00000004fd800000|100%| O|  |TAMS 0x00000004fd000000| PB 0x00000004fd000000| Untracked |  0
|  79|0x00000004fd800000, 0x00000004fe000000, 0x00000004fe000000|100%| O|  |TAMS 0x00000004fd800000| PB 0x00000004fd800000| Untracked |  0
|  80|0x00000004fe000000, 0x00000004fe800000, 0x00000004fe800000|100%| O|  |TAMS 0x00000004fe000000| PB 0x00000004fe000000| Untracked |  0
|  81|0x00000004fe800000, 0x00000004fe9cb2c8, 0x00000004ff000000| 22%| O|  |TAMS 0x00000004fe800000| PB 0x00000004fe800000| Untracked |  0
|  82|0x00000004ff000000, 0x00000004ff218b00, 0x00000004ff800000| 26%| O|  |TAMS 0x00000004ff000000| PB 0x00000004ff000000| Untracked |  0
|  83|0x00000004ff800000, 0x0000000500000000, 0x0000000500000000|100%| O|  |TAMS 0x00000004ff800000| PB 0x00000004ff800000| Untracked |  0
|  84|0x0000000500000000, 0x0000000500000000, 0x0000000500800000|  0%| F|  |TAMS 0x0000000500000000| PB 0x0000000500000000| Untracked |  0
|  85|0x0000000500800000, 0x0000000500800000, 0x0000000501000000|  0%| F|  |TAMS 0x0000000500800000| PB 0x0000000500800000| Untracked |  0
|  86|0x0000000501000000, 0x0000000501800000, 0x0000000501800000|100%| O|  |TAMS 0x0000000501000000| PB 0x0000000501000000| Untracked |  0
|  87|0x0000000501800000, 0x0000000502000000, 0x0000000502000000|100%| O|  |TAMS 0x0000000501800000| PB 0x0000000501800000| Untracked |  0
|  88|0x0000000502000000, 0x0000000502800000, 0x0000000502800000|100%| O|  |TAMS 0x0000000502000000| PB 0x0000000502000000| Untracked |  0
|  89|0x0000000502800000, 0x0000000503000000, 0x0000000503000000|100%| O|  |TAMS 0x0000000502800000| PB 0x0000000502800000| Untracked |  0
|  90|0x0000000503000000, 0x0000000503800000, 0x0000000503800000|100%| O|  |TAMS 0x0000000503000000| PB 0x0000000503000000| Untracked |  0
|  91|0x0000000503800000, 0x0000000504000000, 0x0000000504000000|100%| O|  |TAMS 0x0000000503800000| PB 0x0000000503800000| Untracked |  0
|  92|0x0000000504000000, 0x0000000504800000, 0x0000000504800000|100%| O|  |TAMS 0x0000000504000000| PB 0x0000000504000000| Untracked |  0
|  93|0x0000000504800000, 0x0000000504800000, 0x0000000505000000|  0%| F|  |TAMS 0x0000000504800000| PB 0x0000000504800000| Untracked |  0
|  94|0x0000000505000000, 0x0000000505000000, 0x0000000505800000|  0%| F|  |TAMS 0x0000000505000000| PB 0x0000000505000000| Untracked |  0
|  95|0x0000000505800000, 0x0000000505800000, 0x0000000506000000|  0%| F|  |TAMS 0x0000000505800000| PB 0x0000000505800000| Untracked |  0
|  96|0x0000000506000000, 0x0000000506000000, 0x0000000506800000|  0%| F|  |TAMS 0x0000000506000000| PB 0x0000000506000000| Untracked |  0
|  97|0x0000000506800000, 0x0000000506800000, 0x0000000507000000|  0%| F|  |TAMS 0x0000000506800000| PB 0x0000000506800000| Untracked |  0
|  98|0x0000000507000000, 0x0000000507000000, 0x0000000507800000|  0%| F|  |TAMS 0x0000000507000000| PB 0x0000000507000000| Untracked |  0
|  99|0x0000000507800000, 0x0000000508000000, 0x0000000508000000|100%| O|  |TAMS 0x0000000507800000| PB 0x0000000507800000| Untracked |  0
| 100|0x0000000508000000, 0x0000000508800000, 0x0000000508800000|100%| O|  |TAMS 0x0000000508000000| PB 0x0000000508000000| Untracked |  0
| 101|0x0000000508800000, 0x0000000509000000, 0x0000000509000000|100%| O|  |TAMS 0x0000000508800000| PB 0x0000000508800000| Untracked |  0
| 102|0x0000000509000000, 0x0000000509800000, 0x0000000509800000|100%| O|  |TAMS 0x0000000509000000| PB 0x0000000509000000| Untracked |  0
| 103|0x0000000509800000, 0x000000050a000000, 0x000000050a000000|100%| O|  |TAMS 0x0000000509800000| PB 0x0000000509800000| Untracked |  0
| 104|0x000000050a000000, 0x000000050a800000, 0x000000050a800000|100%| O|  |TAMS 0x000000050a000000| PB 0x000000050a000000| Untracked |  0
| 105|0x000000050a800000, 0x000000050b000000, 0x000000050b000000|100%| O|  |TAMS 0x000000050a800000| PB 0x000000050a800000| Untracked |  0
| 106|0x000000050b000000, 0x000000050b000000, 0x000000050b800000|  0%| F|  |TAMS 0x000000050b000000| PB 0x000000050b000000| Untracked |  0
| 107|0x000000050b800000, 0x000000050b800000, 0x000000050c000000|  0%| F|  |TAMS 0x000000050b800000| PB 0x000000050b800000| Untracked |  0
| 108|0x000000050c000000, 0x000000050c000000, 0x000000050c800000|  0%| F|  |TAMS 0x000000050c000000| PB 0x000000050c000000| Untracked |  0
| 109|0x000000050c800000, 0x000000050c800000, 0x000000050d000000|  0%| F|  |TAMS 0x000000050c800000| PB 0x000000050c800000| Untracked |  0
| 110|0x000000050d000000, 0x000000050d000000, 0x000000050d800000|  0%| F|  |TAMS 0x000000050d000000| PB 0x000000050d000000| Untracked |  0
| 111|0x000000050d800000, 0x000000050e000000, 0x000000050e000000|100%| O|  |TAMS 0x000000050d800000| PB 0x000000050d800000| Untracked |  0
| 112|0x000000050e000000, 0x000000050e000000, 0x000000050e800000|  0%| F|  |TAMS 0x000000050e000000| PB 0x000000050e000000| Untracked |  0
| 113|0x000000050e800000, 0x000000050e800000, 0x000000050f000000|  0%| F|  |TAMS 0x000000050e800000| PB 0x000000050e800000| Untracked |  0
| 114|0x000000050f000000, 0x000000050f000000, 0x000000050f800000|  0%| F|  |TAMS 0x000000050f000000| PB 0x000000050f000000| Untracked |  0
| 115|0x000000050f800000, 0x000000050f800000, 0x0000000510000000|  0%| F|  |TAMS 0x000000050f800000| PB 0x000000050f800000| Untracked |  0
| 116|0x0000000510000000, 0x0000000510000000, 0x0000000510800000|  0%| F|  |TAMS 0x0000000510000000| PB 0x0000000510000000| Untracked |  0
| 117|0x0000000510800000, 0x0000000510800000, 0x0000000511000000|  0%| F|  |TAMS 0x0000000510800000| PB 0x0000000510800000| Untracked |  0
| 118|0x0000000511000000, 0x0000000511800000, 0x0000000511800000|100%| O|  |TAMS 0x0000000511000000| PB 0x0000000511000000| Untracked |  0
| 119|0x0000000511800000, 0x0000000511800000, 0x0000000512000000|  0%| F|  |TAMS 0x0000000511800000| PB 0x0000000511800000| Untracked |  0
| 120|0x0000000512000000, 0x0000000512000000, 0x0000000512800000|  0%| F|  |TAMS 0x0000000512000000| PB 0x0000000512000000| Untracked |  0
| 121|0x0000000512800000, 0x0000000512800000, 0x0000000513000000|  0%| F|  |TAMS 0x0000000512800000| PB 0x0000000512800000| Untracked |  0
| 122|0x0000000513000000, 0x0000000513000000, 0x0000000513800000|  0%| F|  |TAMS 0x0000000513000000| PB 0x0000000513000000| Untracked |  0
| 123|0x0000000513800000, 0x0000000513800000, 0x0000000514000000|  0%| F|  |TAMS 0x0000000513800000| PB 0x0000000513800000| Untracked |  0
| 124|0x0000000514000000, 0x0000000514000000, 0x0000000514800000|  0%| F|  |TAMS 0x0000000514000000| PB 0x0000000514000000| Untracked |  0
| 125|0x0000000514800000, 0x0000000514800000, 0x0000000515000000|  0%| F|  |TAMS 0x0000000514800000| PB 0x0000000514800000| Untracked |  0
| 126|0x0000000515000000, 0x0000000515000000, 0x0000000515800000|  0%| F|  |TAMS 0x0000000515000000| PB 0x0000000515000000| Untracked |  0
| 127|0x0000000515800000, 0x0000000515800000, 0x0000000516000000|  0%| F|  |TAMS 0x0000000515800000| PB 0x0000000515800000| Untracked |  0
| 128|0x0000000516000000, 0x0000000516000000, 0x0000000516800000|  0%| F|  |TAMS 0x0000000516000000| PB 0x0000000516000000| Untracked |  0
| 129|0x0000000516800000, 0x0000000516800000, 0x0000000517000000|  0%| F|  |TAMS 0x0000000516800000| PB 0x0000000516800000| Untracked |  0
| 130|0x0000000517000000, 0x0000000517800000, 0x0000000517800000|100%| O|  |TAMS 0x0000000517000000| PB 0x0000000517000000| Untracked |  0
| 131|0x0000000517800000, 0x0000000517800000, 0x0000000518000000|  0%| F|  |TAMS 0x0000000517800000| PB 0x0000000517800000| Untracked |  0
| 132|0x0000000518000000, 0x0000000518800000, 0x0000000518800000|100%| O|  |TAMS 0x0000000518000000| PB 0x0000000518000000| Untracked |  0
| 133|0x0000000518800000, 0x0000000518800000, 0x0000000519000000|  0%| F|  |TAMS 0x0000000518800000| PB 0x0000000518800000| Untracked |  0
| 134|0x0000000519000000, 0x0000000519000000, 0x0000000519800000|  0%| F|  |TAMS 0x0000000519000000| PB 0x0000000519000000| Untracked |  0
| 135|0x0000000519800000, 0x0000000519800000, 0x000000051a000000|  0%| F|  |TAMS 0x0000000519800000| PB 0x0000000519800000| Untracked |  0
| 136|0x000000051a000000, 0x000000051a000000, 0x000000051a800000|  0%| F|  |TAMS 0x000000051a000000| PB 0x000000051a000000| Untracked |  0
| 137|0x000000051a800000, 0x000000051a800000, 0x000000051b000000|  0%| F|  |TAMS 0x000000051a800000| PB 0x000000051a800000| Untracked |  0
| 138|0x000000051b000000, 0x000000051b000000, 0x000000051b800000|  0%| F|  |TAMS 0x000000051b000000| PB 0x000000051b000000| Untracked |  0
| 139|0x000000051b800000, 0x000000051b800000, 0x000000051c000000|  0%| F|  |TAMS 0x000000051b800000| PB 0x000000051b800000| Untracked |  0
| 140|0x000000051c000000, 0x000000051c000000, 0x000000051c800000|  0%| F|  |TAMS 0x000000051c000000| PB 0x000000051c000000| Untracked |  0
| 141|0x000000051c800000, 0x000000051c800000, 0x000000051d000000|  0%| F|  |TAMS 0x000000051c800000| PB 0x000000051c800000| Untracked |  0
| 142|0x000000051d000000, 0x000000051d000000, 0x000000051d800000|  0%| F|  |TAMS 0x000000051d000000| PB 0x000000051d000000| Untracked |  0
| 143|0x000000051d800000, 0x000000051d800000, 0x000000051e000000|  0%| F|  |TAMS 0x000000051d800000| PB 0x000000051d800000| Untracked |  0
| 144|0x000000051e000000, 0x000000051e000000, 0x000000051e800000|  0%| F|  |TAMS 0x000000051e000000| PB 0x000000051e000000| Untracked |  0
| 145|0x000000051e800000, 0x000000051e800000, 0x000000051f000000|  0%| F|  |TAMS 0x000000051e800000| PB 0x000000051e800000| Untracked |  0
| 146|0x000000051f000000, 0x000000051f000000, 0x000000051f800000|  0%| F|  |TAMS 0x000000051f000000| PB 0x000000051f000000| Untracked |  0
| 147|0x000000051f800000, 0x000000051f800000, 0x0000000520000000|  0%| F|  |TAMS 0x000000051f800000| PB 0x000000051f800000| Untracked |  0
| 148|0x0000000520000000, 0x0000000520000000, 0x0000000520800000|  0%| F|  |TAMS 0x0000000520000000| PB 0x0000000520000000| Untracked |  0
| 149|0x0000000520800000, 0x0000000520800000, 0x0000000521000000|  0%| F|  |TAMS 0x0000000520800000| PB 0x0000000520800000| Untracked |  0
| 150|0x0000000521000000, 0x0000000521000000, 0x0000000521800000|  0%| F|  |TAMS 0x0000000521000000| PB 0x0000000521000000| Untracked |  0
| 151|0x0000000521800000, 0x0000000521800000, 0x0000000522000000|  0%| F|  |TAMS 0x0000000521800000| PB 0x0000000521800000| Untracked |  0
| 152|0x0000000522000000, 0x0000000522000000, 0x0000000522800000|  0%| F|  |TAMS 0x0000000522000000| PB 0x0000000522000000| Untracked |  0
| 153|0x0000000522800000, 0x0000000522800000, 0x0000000523000000|  0%| F|  |TAMS 0x0000000522800000| PB 0x0000000522800000| Untracked |  0
| 154|0x0000000523000000, 0x0000000523000000, 0x0000000523800000|  0%| F|  |TAMS 0x0000000523000000| PB 0x0000000523000000| Untracked |  0
| 155|0x0000000523800000, 0x0000000523800000, 0x0000000524000000|  0%| F|  |TAMS 0x0000000523800000| PB 0x0000000523800000| Untracked |  0
| 156|0x0000000524000000, 0x0000000524000000, 0x0000000524800000|  0%| F|  |TAMS 0x0000000524000000| PB 0x0000000524000000| Untracked |  0
| 157|0x0000000524800000, 0x0000000524800000, 0x0000000525000000|  0%| F|  |TAMS 0x0000000524800000| PB 0x0000000524800000| Untracked |  0
| 158|0x0000000525000000, 0x0000000525000000, 0x0000000525800000|  0%| F|  |TAMS 0x0000000525000000| PB 0x0000000525000000| Untracked |  0
| 159|0x0000000525800000, 0x0000000525800000, 0x0000000526000000|  0%| F|  |TAMS 0x0000000525800000| PB 0x0000000525800000| Untracked |  0
| 160|0x0000000526000000, 0x0000000526000000, 0x0000000526800000|  0%| F|  |TAMS 0x0000000526000000| PB 0x0000000526000000| Untracked |  0
| 161|0x0000000526800000, 0x0000000526800000, 0x0000000527000000|  0%| F|  |TAMS 0x0000000526800000| PB 0x0000000526800000| Untracked |  0
| 162|0x0000000527000000, 0x0000000527000000, 0x0000000527800000|  0%| F|  |TAMS 0x0000000527000000| PB 0x0000000527000000| Untracked |  0
| 163|0x0000000527800000, 0x0000000527800000, 0x0000000528000000|  0%| F|  |TAMS 0x0000000527800000| PB 0x0000000527800000| Untracked |  0
| 164|0x0000000528000000, 0x0000000528000000, 0x0000000528800000|  0%| F|  |TAMS 0x0000000528000000| PB 0x0000000528000000| Untracked |  0
| 165|0x0000000528800000, 0x0000000528800000, 0x0000000529000000|  0%| F|  |TAMS 0x0000000528800000| PB 0x0000000528800000| Untracked |  0
| 166|0x0000000529000000, 0x0000000529000000, 0x0000000529800000|  0%| F|  |TAMS 0x0000000529000000| PB 0x0000000529000000| Untracked |  0
| 167|0x0000000529800000, 0x0000000529800000, 0x000000052a000000|  0%| F|  |TAMS 0x0000000529800000| PB 0x0000000529800000| Untracked |  0
| 168|0x000000052a000000, 0x000000052a000000, 0x000000052a800000|  0%| F|  |TAMS 0x000000052a000000| PB 0x000000052a000000| Untracked |  0
| 169|0x000000052a800000, 0x000000052a800000, 0x000000052b000000|  0%| F|  |TAMS 0x000000052a800000| PB 0x000000052a800000| Untracked |  0
| 170|0x000000052b000000, 0x000000052b000000, 0x000000052b800000|  0%| F|  |TAMS 0x000000052b000000| PB 0x000000052b000000| Untracked |  0
| 171|0x000000052b800000, 0x000000052bcd4fc0, 0x000000052c000000| 60%| S|CS|TAMS 0x000000052b800000| PB 0x000000052b800000| Complete |  0
| 172|0x000000052c000000, 0x000000052c800000, 0x000000052c800000|100%| S|CS|TAMS 0x000000052c000000| PB 0x000000052c000000| Complete |  0
| 173|0x000000052c800000, 0x000000052d000000, 0x000000052d000000|100%| S|CS|TAMS 0x000000052c800000| PB 0x000000052c800000| Complete |  0
| 174|0x000000052d000000, 0x000000052d800000, 0x000000052d800000|100%| S|CS|TAMS 0x000000052d000000| PB 0x000000052d000000| Complete |  0
| 175|0x000000052d800000, 0x000000052d800000, 0x000000052e000000|  0%| F|  |TAMS 0x000000052d800000| PB 0x000000052d800000| Untracked |  0
| 176|0x000000052e000000, 0x000000052e000000, 0x000000052e800000|  0%| F|  |TAMS 0x000000052e000000| PB 0x000000052e000000| Untracked |  0
| 177|0x000000052e800000, 0x000000052e800000, 0x000000052f000000|  0%| F|  |TAMS 0x000000052e800000| PB 0x000000052e800000| Untracked |  0
| 178|0x000000052f000000, 0x000000052f000000, 0x000000052f800000|  0%| F|  |TAMS 0x000000052f000000| PB 0x000000052f000000| Untracked |  0
| 179|0x000000052f800000, 0x000000052f800000, 0x0000000530000000|  0%| F|  |TAMS 0x000000052f800000| PB 0x000000052f800000| Untracked |  0
| 180|0x0000000530000000, 0x0000000530000000, 0x0000000530800000|  0%| F|  |TAMS 0x0000000530000000| PB 0x0000000530000000| Untracked |  0
| 181|0x0000000530800000, 0x0000000530800000, 0x0000000531000000|  0%| F|  |TAMS 0x0000000530800000| PB 0x0000000530800000| Untracked |  0
| 182|0x0000000531000000, 0x0000000531000000, 0x0000000531800000|  0%| F|  |TAMS 0x0000000531000000| PB 0x0000000531000000| Untracked |  0
| 183|0x0000000531800000, 0x0000000531800000, 0x0000000532000000|  0%| F|  |TAMS 0x0000000531800000| PB 0x0000000531800000| Untracked |  0
| 184|0x0000000532000000, 0x0000000532000000, 0x0000000532800000|  0%| F|  |TAMS 0x0000000532000000| PB 0x0000000532000000| Untracked |  0
| 185|0x0000000532800000, 0x0000000532800000, 0x0000000533000000|  0%| F|  |TAMS 0x0000000532800000| PB 0x0000000532800000| Untracked |  0
| 186|0x0000000533000000, 0x0000000533000000, 0x0000000533800000|  0%| F|  |TAMS 0x0000000533000000| PB 0x0000000533000000| Untracked |  0
| 187|0x0000000533800000, 0x0000000533800000, 0x0000000534000000|  0%| F|  |TAMS 0x0000000533800000| PB 0x0000000533800000| Untracked |  0
| 188|0x0000000534000000, 0x0000000534000000, 0x0000000534800000|  0%| F|  |TAMS 0x0000000534000000| PB 0x0000000534000000| Untracked |  0
| 189|0x0000000534800000, 0x0000000534800000, 0x0000000535000000|  0%| F|  |TAMS 0x0000000534800000| PB 0x0000000534800000| Untracked |  0
| 190|0x0000000535000000, 0x0000000535000000, 0x0000000535800000|  0%| F|  |TAMS 0x0000000535000000| PB 0x0000000535000000| Untracked |  0
| 191|0x0000000535800000, 0x0000000535800000, 0x0000000536000000|  0%| F|  |TAMS 0x0000000535800000| PB 0x0000000535800000| Untracked |  0
| 192|0x0000000536000000, 0x0000000536000000, 0x0000000536800000|  0%| F|  |TAMS 0x0000000536000000| PB 0x0000000536000000| Untracked |  0
| 193|0x0000000536800000, 0x0000000536800000, 0x0000000537000000|  0%| F|  |TAMS 0x0000000536800000| PB 0x0000000536800000| Untracked |  0
| 194|0x0000000537000000, 0x0000000537000000, 0x0000000537800000|  0%| F|  |TAMS 0x0000000537000000| PB 0x0000000537000000| Untracked |  0
| 195|0x0000000537800000, 0x0000000537800000, 0x0000000538000000|  0%| F|  |TAMS 0x0000000537800000| PB 0x0000000537800000| Untracked |  0
| 196|0x0000000538000000, 0x0000000538000000, 0x0000000538800000|  0%| F|  |TAMS 0x0000000538000000| PB 0x0000000538000000| Untracked |  0
| 197|0x0000000538800000, 0x0000000538800000, 0x0000000539000000|  0%| F|  |TAMS 0x0000000538800000| PB 0x0000000538800000| Untracked |  0
| 198|0x0000000539000000, 0x0000000539000000, 0x0000000539800000|  0%| F|  |TAMS 0x0000000539000000| PB 0x0000000539000000| Untracked |  0
| 199|0x0000000539800000, 0x0000000539800000, 0x000000053a000000|  0%| F|  |TAMS 0x0000000539800000| PB 0x0000000539800000| Untracked |  0
| 200|0x000000053a000000, 0x000000053a000000, 0x000000053a800000|  0%| F|  |TAMS 0x000000053a000000| PB 0x000000053a000000| Untracked |  0
| 201|0x000000053a800000, 0x000000053a800000, 0x000000053b000000|  0%| F|  |TAMS 0x000000053a800000| PB 0x000000053a800000| Untracked |  0
| 202|0x000000053b000000, 0x000000053b000000, 0x000000053b800000|  0%| F|  |TAMS 0x000000053b000000| PB 0x000000053b000000| Untracked |  0
| 203|0x000000053b800000, 0x000000053b800000, 0x000000053c000000|  0%| F|  |TAMS 0x000000053b800000| PB 0x000000053b800000| Untracked |  0
| 204|0x000000053c000000, 0x000000053c000000, 0x000000053c800000|  0%| F|  |TAMS 0x000000053c000000| PB 0x000000053c000000| Untracked |  0
| 205|0x000000053c800000, 0x000000053c800000, 0x000000053d000000|  0%| F|  |TAMS 0x000000053c800000| PB 0x000000053c800000| Untracked |  0
| 206|0x000000053d000000, 0x000000053d000000, 0x000000053d800000|  0%| F|  |TAMS 0x000000053d000000| PB 0x000000053d000000| Untracked |  0
| 207|0x000000053d800000, 0x000000053d800000, 0x000000053e000000|  0%| F|  |TAMS 0x000000053d800000| PB 0x000000053d800000| Untracked |  0
| 208|0x000000053e000000, 0x000000053e000000, 0x000000053e800000|  0%| F|  |TAMS 0x000000053e000000| PB 0x000000053e000000| Untracked |  0
| 209|0x000000053e800000, 0x000000053e800000, 0x000000053f000000|  0%| F|  |TAMS 0x000000053e800000| PB 0x000000053e800000| Untracked |  0
| 210|0x000000053f000000, 0x000000053f000000, 0x000000053f800000|  0%| F|  |TAMS 0x000000053f000000| PB 0x000000053f000000| Untracked |  0
| 211|0x000000053f800000, 0x000000053f800000, 0x0000000540000000|  0%| F|  |TAMS 0x000000053f800000| PB 0x000000053f800000| Untracked |  0
| 212|0x0000000540000000, 0x0000000540000000, 0x0000000540800000|  0%| F|  |TAMS 0x0000000540000000| PB 0x0000000540000000| Untracked |  0
| 213|0x0000000540800000, 0x0000000540800000, 0x0000000541000000|  0%| F|  |TAMS 0x0000000540800000| PB 0x0000000540800000| Untracked |  0
| 214|0x0000000541000000, 0x0000000541000000, 0x0000000541800000|  0%| F|  |TAMS 0x0000000541000000| PB 0x0000000541000000| Untracked |  0
| 215|0x0000000541800000, 0x0000000541800000, 0x0000000542000000|  0%| F|  |TAMS 0x0000000541800000| PB 0x0000000541800000| Untracked |  0
| 216|0x0000000542000000, 0x0000000542000000, 0x0000000542800000|  0%| F|  |TAMS 0x0000000542000000| PB 0x0000000542000000| Untracked |  0
| 217|0x0000000542800000, 0x0000000542800000, 0x0000000543000000|  0%| F|  |TAMS 0x0000000542800000| PB 0x0000000542800000| Untracked |  0
| 218|0x0000000543000000, 0x0000000543000000, 0x0000000543800000|  0%| F|  |TAMS 0x0000000543000000| PB 0x0000000543000000| Untracked |  0
| 219|0x0000000543800000, 0x0000000543800000, 0x0000000544000000|  0%| F|  |TAMS 0x0000000543800000| PB 0x0000000543800000| Untracked |  0
| 220|0x0000000544000000, 0x0000000544000000, 0x0000000544800000|  0%| F|  |TAMS 0x0000000544000000| PB 0x0000000544000000| Untracked |  0
| 221|0x0000000544800000, 0x0000000544800000, 0x0000000545000000|  0%| F|  |TAMS 0x0000000544800000| PB 0x0000000544800000| Untracked |  0
| 222|0x0000000545000000, 0x0000000545000000, 0x0000000545800000|  0%| F|  |TAMS 0x0000000545000000| PB 0x0000000545000000| Untracked |  0
| 223|0x0000000545800000, 0x0000000545800000, 0x0000000546000000|  0%| F|  |TAMS 0x0000000545800000| PB 0x0000000545800000| Untracked |  0
| 224|0x0000000546000000, 0x0000000546000000, 0x0000000546800000|  0%| F|  |TAMS 0x0000000546000000| PB 0x0000000546000000| Untracked |  0
| 225|0x0000000546800000, 0x0000000546800000, 0x0000000547000000|  0%| F|  |TAMS 0x0000000546800000| PB 0x0000000546800000| Untracked |  0
| 226|0x0000000547000000, 0x0000000547000000, 0x0000000547800000|  0%| F|  |TAMS 0x0000000547000000| PB 0x0000000547000000| Untracked |  0
| 227|0x0000000547800000, 0x0000000547800000, 0x0000000548000000|  0%| F|  |TAMS 0x0000000547800000| PB 0x0000000547800000| Untracked |  0
| 228|0x0000000548000000, 0x0000000548000000, 0x0000000548800000|  0%| F|  |TAMS 0x0000000548000000| PB 0x0000000548000000| Untracked |  0
| 229|0x0000000548800000, 0x0000000548800000, 0x0000000549000000|  0%| F|  |TAMS 0x0000000548800000| PB 0x0000000548800000| Untracked |  0
| 230|0x0000000549000000, 0x0000000549000000, 0x0000000549800000|  0%| F|  |TAMS 0x0000000549000000| PB 0x0000000549000000| Untracked |  0
| 231|0x0000000549800000, 0x0000000549800000, 0x000000054a000000|  0%| F|  |TAMS 0x0000000549800000| PB 0x0000000549800000| Untracked |  0
| 232|0x000000054a000000, 0x000000054a000000, 0x000000054a800000|  0%| F|  |TAMS 0x000000054a000000| PB 0x000000054a000000| Untracked |  0
| 233|0x000000054a800000, 0x000000054a800000, 0x000000054b000000|  0%| F|  |TAMS 0x000000054a800000| PB 0x000000054a800000| Untracked |  0
| 234|0x000000054b000000, 0x000000054b000000, 0x000000054b800000|  0%| F|  |TAMS 0x000000054b000000| PB 0x000000054b000000| Untracked |  0
| 235|0x000000054b800000, 0x000000054b800000, 0x000000054c000000|  0%| F|  |TAMS 0x000000054b800000| PB 0x000000054b800000| Untracked |  0
| 236|0x000000054c000000, 0x000000054c000000, 0x000000054c800000|  0%| F|  |TAMS 0x000000054c000000| PB 0x000000054c000000| Untracked |  0
| 237|0x000000054c800000, 0x000000054c800000, 0x000000054d000000|  0%| F|  |TAMS 0x000000054c800000| PB 0x000000054c800000| Untracked |  0
| 238|0x000000054d000000, 0x000000054d000000, 0x000000054d800000|  0%| F|  |TAMS 0x000000054d000000| PB 0x000000054d000000| Untracked |  0
| 239|0x000000054d800000, 0x000000054d800000, 0x000000054e000000|  0%| F|  |TAMS 0x000000054d800000| PB 0x000000054d800000| Untracked |  0
| 240|0x000000054e000000, 0x000000054e000000, 0x000000054e800000|  0%| F|  |TAMS 0x000000054e000000| PB 0x000000054e000000| Untracked |  0
| 241|0x000000054e800000, 0x000000054e800000, 0x000000054f000000|  0%| F|  |TAMS 0x000000054e800000| PB 0x000000054e800000| Untracked |  0
| 242|0x000000054f000000, 0x000000054f000000, 0x000000054f800000|  0%| F|  |TAMS 0x000000054f000000| PB 0x000000054f000000| Untracked |  0
| 243|0x000000054f800000, 0x000000054f800000, 0x0000000550000000|  0%| F|  |TAMS 0x000000054f800000| PB 0x000000054f800000| Untracked |  0
| 244|0x0000000550000000, 0x0000000550000000, 0x0000000550800000|  0%| F|  |TAMS 0x0000000550000000| PB 0x0000000550000000| Untracked |  0
| 245|0x0000000550800000, 0x0000000550800000, 0x0000000551000000|  0%| F|  |TAMS 0x0000000550800000| PB 0x0000000550800000| Untracked |  0
| 246|0x0000000551000000, 0x0000000551000000, 0x0000000551800000|  0%| F|  |TAMS 0x0000000551000000| PB 0x0000000551000000| Untracked |  0
| 247|0x0000000551800000, 0x0000000551800000, 0x0000000552000000|  0%| F|  |TAMS 0x0000000551800000| PB 0x0000000551800000| Untracked |  0
| 248|0x0000000552000000, 0x0000000552000000, 0x0000000552800000|  0%| F|  |TAMS 0x0000000552000000| PB 0x0000000552000000| Untracked |  0
| 249|0x0000000552800000, 0x0000000552800000, 0x0000000553000000|  0%| F|  |TAMS 0x0000000552800000| PB 0x0000000552800000| Untracked |  0
| 250|0x0000000553000000, 0x0000000553000000, 0x0000000553800000|  0%| F|  |TAMS 0x0000000553000000| PB 0x0000000553000000| Untracked |  0
| 251|0x0000000553800000, 0x0000000553800000, 0x0000000554000000|  0%| F|  |TAMS 0x0000000553800000| PB 0x0000000553800000| Untracked |  0
| 252|0x0000000554000000, 0x0000000554000000, 0x0000000554800000|  0%| F|  |TAMS 0x0000000554000000| PB 0x0000000554000000| Untracked |  0
| 253|0x0000000554800000, 0x0000000554800000, 0x0000000555000000|  0%| F|  |TAMS 0x0000000554800000| PB 0x0000000554800000| Untracked |  0
| 254|0x0000000555000000, 0x0000000555000000, 0x0000000555800000|  0%| F|  |TAMS 0x0000000555000000| PB 0x0000000555000000| Untracked |  0
| 255|0x0000000555800000, 0x0000000555800000, 0x0000000556000000|  0%| F|  |TAMS 0x0000000555800000| PB 0x0000000555800000| Untracked |  0
| 256|0x0000000556000000, 0x0000000556000000, 0x0000000556800000|  0%| F|  |TAMS 0x0000000556000000| PB 0x0000000556000000| Untracked |  0
| 257|0x0000000556800000, 0x0000000556800000, 0x0000000557000000|  0%| F|  |TAMS 0x0000000556800000| PB 0x0000000556800000| Untracked |  0
| 258|0x0000000557000000, 0x0000000557000000, 0x0000000557800000|  0%| F|  |TAMS 0x0000000557000000| PB 0x0000000557000000| Untracked |  0
| 259|0x0000000557800000, 0x0000000557800000, 0x0000000558000000|  0%| F|  |TAMS 0x0000000557800000| PB 0x0000000557800000| Untracked |  0
| 260|0x0000000558000000, 0x0000000558000000, 0x0000000558800000|  0%| F|  |TAMS 0x0000000558000000| PB 0x0000000558000000| Untracked |  0
| 261|0x0000000558800000, 0x0000000558800000, 0x0000000559000000|  0%| F|  |TAMS 0x0000000558800000| PB 0x0000000558800000| Untracked |  0
| 262|0x0000000559000000, 0x0000000559000000, 0x0000000559800000|  0%| F|  |TAMS 0x0000000559000000| PB 0x0000000559000000| Untracked |  0
| 263|0x0000000559800000, 0x0000000559800000, 0x000000055a000000|  0%| F|  |TAMS 0x0000000559800000| PB 0x0000000559800000| Untracked |  0
| 264|0x000000055a000000, 0x000000055a000000, 0x000000055a800000|  0%| F|  |TAMS 0x000000055a000000| PB 0x000000055a000000| Untracked |  0
| 265|0x000000055a800000, 0x000000055a800000, 0x000000055b000000|  0%| F|  |TAMS 0x000000055a800000| PB 0x000000055a800000| Untracked |  0
| 266|0x000000055b000000, 0x000000055b000000, 0x000000055b800000|  0%| F|  |TAMS 0x000000055b000000| PB 0x000000055b000000| Untracked |  0
| 267|0x000000055b800000, 0x000000055b800000, 0x000000055c000000|  0%| F|  |TAMS 0x000000055b800000| PB 0x000000055b800000| Untracked |  0
| 268|0x000000055c000000, 0x000000055c000000, 0x000000055c800000|  0%| F|  |TAMS 0x000000055c000000| PB 0x000000055c000000| Untracked |  0
| 269|0x000000055c800000, 0x000000055c800000, 0x000000055d000000|  0%| F|  |TAMS 0x000000055c800000| PB 0x000000055c800000| Untracked |  0
| 270|0x000000055d000000, 0x000000055d000000, 0x000000055d800000|  0%| F|  |TAMS 0x000000055d000000| PB 0x000000055d000000| Untracked |  0
| 271|0x000000055d800000, 0x000000055d800000, 0x000000055e000000|  0%| F|  |TAMS 0x000000055d800000| PB 0x000000055d800000| Untracked |  0
| 272|0x000000055e000000, 0x000000055e000000, 0x000000055e800000|  0%| F|  |TAMS 0x000000055e000000| PB 0x000000055e000000| Untracked |  0
| 273|0x000000055e800000, 0x000000055e800000, 0x000000055f000000|  0%| F|  |TAMS 0x000000055e800000| PB 0x000000055e800000| Untracked |  0
| 274|0x000000055f000000, 0x000000055f000000, 0x000000055f800000|  0%| F|  |TAMS 0x000000055f000000| PB 0x000000055f000000| Untracked |  0
| 275|0x000000055f800000, 0x000000055f800000, 0x0000000560000000|  0%| F|  |TAMS 0x000000055f800000| PB 0x000000055f800000| Untracked |  0
| 276|0x0000000560000000, 0x0000000560000000, 0x0000000560800000|  0%| F|  |TAMS 0x0000000560000000| PB 0x0000000560000000| Untracked |  0
| 277|0x0000000560800000, 0x0000000560800000, 0x0000000561000000|  0%| F|  |TAMS 0x0000000560800000| PB 0x0000000560800000| Untracked |  0
| 278|0x0000000561000000, 0x0000000561000000, 0x0000000561800000|  0%| F|  |TAMS 0x0000000561000000| PB 0x0000000561000000| Untracked |  0
| 279|0x0000000561800000, 0x0000000561800000, 0x0000000562000000|  0%| F|  |TAMS 0x0000000561800000| PB 0x0000000561800000| Untracked |  0
| 280|0x0000000562000000, 0x0000000562000000, 0x0000000562800000|  0%| F|  |TAMS 0x0000000562000000| PB 0x0000000562000000| Untracked |  0
| 281|0x0000000562800000, 0x0000000562800000, 0x0000000563000000|  0%| F|  |TAMS 0x0000000562800000| PB 0x0000000562800000| Untracked |  0
| 282|0x0000000563000000, 0x0000000563000000, 0x0000000563800000|  0%| F|  |TAMS 0x0000000563000000| PB 0x0000000563000000| Untracked |  0
| 283|0x0000000563800000, 0x0000000563800000, 0x0000000564000000|  0%| F|  |TAMS 0x0000000563800000| PB 0x0000000563800000| Untracked |  0
| 284|0x0000000564000000, 0x0000000564000000, 0x0000000564800000|  0%| F|  |TAMS 0x0000000564000000| PB 0x0000000564000000| Untracked |  0
| 285|0x0000000564800000, 0x0000000564800000, 0x0000000565000000|  0%| F|  |TAMS 0x0000000564800000| PB 0x0000000564800000| Untracked |  0
| 286|0x0000000565000000, 0x0000000565000000, 0x0000000565800000|  0%| F|  |TAMS 0x0000000565000000| PB 0x0000000565000000| Untracked |  0
| 287|0x0000000565800000, 0x0000000565800000, 0x0000000566000000|  0%| F|  |TAMS 0x0000000565800000| PB 0x0000000565800000| Untracked |  0
| 288|0x0000000566000000, 0x0000000566000000, 0x0000000566800000|  0%| F|  |TAMS 0x0000000566000000| PB 0x0000000566000000| Untracked |  0
| 289|0x0000000566800000, 0x0000000566800000, 0x0000000567000000|  0%| F|  |TAMS 0x0000000566800000| PB 0x0000000566800000| Untracked |  0
| 290|0x0000000567000000, 0x0000000567000000, 0x0000000567800000|  0%| F|  |TAMS 0x0000000567000000| PB 0x0000000567000000| Untracked |  0
|1619|0x00000007ff800000, 0x0000000800000000, 0x0000000800000000|100%| O|  |TAMS 0x00000007ff800000| PB 0x00000007ff800000| Untracked |  0

Card table byte_map: [0x000002303a2f0000,0x000002303bc40000] _byte_map_base: 0x0000023037c40000

Marking Bits: (CMBitMap*) 0x000002301d91b6f0
 Bits: [0x000002303bc40000, 0x00000230486c0000)

Polling page: 0x00000230193b0000

Metaspace:

Usage:
  Non-class:     19.96 MB used.
      Class:      2.57 MB used.
       Both:     22.53 MB used.

Virtual space:
  Non-class space:       64.00 MB reserved,      20.19 MB ( 32%) committed,  1 nodes.
      Class space:        1.00 GB reserved,       2.75 MB ( <1%) committed,  1 nodes.
             Both:        1.06 GB reserved,      22.94 MB (  2%) committed. 

Chunk freelists:
   Non-Class:  11.67 MB
       Class:  13.23 MB
        Both:  24.90 MB

MaxMetaspaceSize: unlimited
CompressedClassSpaceSize: 1.00 GB
Initial GC threshold: 21.00 MB
Current GC threshold: 37.81 MB
CDS: on
 - commit_granule_bytes: 65536.
 - commit_granule_words: 8192.
 - virtual_space_node_default_size: 8388608.
 - enlarge_chunks_in_place: 1.
 - use_allocation_guard: 0.


Internal statistics:

num_allocs_failed_limit: 6.
num_arena_births: 406.
num_arena_deaths: 8.
num_vsnodes_births: 2.
num_vsnodes_deaths: 0.
num_space_committed: 367.
num_space_uncommitted: 0.
num_chunks_returned_to_freelist: 21.
num_chunks_taken_from_freelist: 1069.
num_chunk_merges: 10.
num_chunk_splits: 752.
num_chunks_enlarged: 546.
num_inconsistent_stats: 0.

CodeHeap 'non-profiled nmethods': size=120064Kb used=2030Kb max_used=2030Kb free=118034Kb
 bounds [0x0000023030f00000, 0x0000023031170000, 0x0000023038440000]
CodeHeap 'profiled nmethods': size=120000Kb used=4843Kb max_used=4870Kb free=115156Kb
 bounds [0x0000023029440000, 0x0000023029920000, 0x0000023030970000]
CodeHeap 'non-nmethods': size=5696Kb used=1640Kb max_used=1699Kb free=4055Kb
 bounds [0x0000023030970000, 0x0000023030be0000, 0x0000023030f00000]
CodeCache: size=245760Kb, used=8513Kb, max_used=8599Kb, free=237245Kb
 total_blobs=4452, nmethods=3748, adapters=617, full_count=0
Compilation: enabled, stopped_count=0, restarted_count=0

Compilation events (20 events):
Event: 41.341 Thread 0x000002301d918060 nmethod 4456 0x00000230310f3308 code [0x00000230310f3660, 0x00000230310f3ee8]
Event: 41.341 Thread 0x000002301d918060 4457       4       java.util.stream.Collectors$$Lambda/0x000002304d0d5fc0::accept (14 bytes)
Event: 41.346 Thread 0x00000230973c9030 nmethod 4455 0x00000230310f4008 code [0x00000230310f41e0, 0x00000230310f5668]
Event: 41.346 Thread 0x00000230973c9030 4458       4       org.locationtech.jts.geom.Point::computeEnvelopeInternal (49 bytes)
Event: 41.350 Thread 0x00000230973c9030 nmethod 4458 0x0000023030fe8688 code [0x0000023030fe87a0, 0x0000023030fe8980]
Event: 41.350 Thread 0x00000230973c9030 4459       4       com.conveyal.r5.streets.LinkedPointSet::extendDistanceTableToPoints (21 bytes)
Event: 41.354 Thread 0x000002301d918060 nmethod 4457 0x00000230310f5788 code [0x00000230310f58e0, 0x00000230310f61a0]
Event: 41.413 Thread 0x00000230973c9030 nmethod 4459 0x00000230310f6208 code [0x00000230310f6460, 0x00000230310f7f80]
Event: 41.418 Thread 0x00000230973c9030 4460       4       org.locationtech.jts.geom.Point::init (45 bytes)
Event: 41.420 Thread 0x000002301d918060 4461       4       java.util.stream.IntPipeline$1$1::accept (23 bytes)
Event: 41.421 Thread 0x00000230973c9030 nmethod 4460 0x0000023030fe8308 code [0x0000023030fe8420, 0x0000023030fe8620]
Event: 41.421 Thread 0x00000230973c9030 4462       4       com.conveyal.r5.streets.EgressCostTable$$Lambda/0x000002304d2b8670::apply (49 bytes)
Event: 41.423 Thread 0x00000230973c9030 nmethod 4462 0x0000023030fe7d88 code [0x0000023030fe7ea0, 0x0000023030fe8008]
Event: 41.423 Thread 0x00000230973c9030 4464       4       com.conveyal.r5.transit.TransitLayer::getCoordinateForStopFixed (51 bytes)
Event: 41.424 Thread 0x000002301d918060 nmethod 4461 0x00000230310f8188 code [0x00000230310f82c0, 0x00000230310f8520]
Event: 41.424 Thread 0x000002301d918060 4463       4       com.conveyal.r5.streets.EgressCostTable::lambda$new$0 (378 bytes)
Event: 41.430 Thread 0x00000230973c9030 nmethod 4464 0x00000230310f8588 code [0x00000230310f8700, 0x00000230310f8b40]
Event: 41.431 Thread 0x00000230973c9030 4465       4       org.locationtech.jts.geom.GeometryFactory::createPoint (30 bytes)
Event: 41.440 Thread 0x00000230973c9030 nmethod 4465 0x00000230310f8c08 code [0x00000230310f8d40, 0x00000230310f9170]
Event: 41.486 Thread 0x000002301d918060 nmethod 4463 0x00000230310f9288 code [0x00000230310f9740, 0x00000230310fb4b8]

GC Heap History (20 events):
Event: 28.897 GC heap after
{Heap after GC invocations=35 (full 19):
 garbage-first heap   total reserved 13271040K, committed 1179648K, used 811758K [0x00000004d6000000, 0x0000000800000000)
  region size 8192K, 3 young (24576K), 3 survivors (24576K)
 Metaspace       used 11554K, committed 11840K, reserved 1114112K
  class space    used 1372K, committed 1472K, reserved 1048576K
}
Event: 29.230 GC heap before
{Heap before GC invocations=35 (full 19):
 garbage-first heap   total reserved 13271040K, committed 1179648K, used 918254K [0x00000004d6000000, 0x0000000800000000)
  region size 8192K, 16 young (131072K), 3 survivors (24576K)
 Metaspace       used 11555K, committed 11840K, reserved 1114112K
  class space    used 1372K, committed 1472K, reserved 1048576K
}
Event: 29.238 GC heap after
{Heap after GC invocations=36 (full 19):
 garbage-first heap   total reserved 13271040K, committed 1179648K, used 824171K [0x00000004d6000000, 0x0000000800000000)
  region size 8192K, 1 young (8192K), 1 survivors (8192K)
 Metaspace       used 11555K, committed 11840K, reserved 1114112K
  class space    used 1372K, committed 1472K, reserved 1048576K
}
Event: 29.338 GC heap before
{Heap before GC invocations=36 (full 19):
 garbage-first heap   total reserved 13271040K, committed 1179648K, used 947051K [0x00000004d6000000, 0x0000000800000000)
  region size 8192K, 16 young (131072K), 1 survivors (8192K)
 Metaspace       used 11556K, committed 11840K, reserved 1114112K
  class space    used 1372K, committed 1472K, reserved 1048576K
}
Event: 29.347 GC heap after
{Heap after GC invocations=37 (full 19):
 garbage-first heap   total reserved 13271040K, committed 2392064K, used 824301K [0x00000004d6000000, 0x0000000800000000)
  region size 8192K, 1 young (8192K), 1 survivors (8192K)
 Metaspace       used 11556K, committed 11840K, reserved 1114112K
  class space    used 1372K, committed 1472K, reserved 1048576K
}
Event: 29.796 GC heap before
{Heap before GC invocations=38 (full 19):
 garbage-first heap   total reserved 13271040K, committed 2392064K, used 1086445K [0x00000004d6000000, 0x0000000800000000)
  region size 8192K, 39 young (319488K), 1 survivors (8192K)
 Metaspace       used 11557K, committed 11840K, reserved 1114112K
  class space    used 1372K, committed 1472K, reserved 1048576K
}
Event: 29.896 GC heap after
{Heap after GC invocations=39 (full 20):
 garbage-first heap   total reserved 13271040K, committed 2392064K, used 784418K [0x00000004d6000000, 0x0000000800000000)
  region size 8192K, 0 young (0K), 0 survivors (0K)
 Metaspace       used 11557K, committed 11840K, reserved 1114112K
  class space    used 1372K, committed 1472K, reserved 1048576K
}
Event: 34.684 GC heap before
{Heap before GC invocations=39 (full 20):
 garbage-first heap   total reserved 13271040K, committed 2392064K, used 964642K [0x00000004d6000000, 0x0000000800000000)
  region size 8192K, 23 young (188416K), 0 survivors (0K)
 Metaspace       used 21218K, committed 21504K, reserved 1114112K
  class space    used 2412K, committed 2560K, reserved 1048576K
}
Event: 34.690 GC heap after
{Heap after GC invocations=40 (full 20):
 garbage-first heap   total reserved 13271040K, committed 2392064K, used 795866K [0x00000004d6000000, 0x0000000800000000)
  region size 8192K, 2 young (16384K), 2 survivors (16384K)
 Metaspace       used 21218K, committed 21504K, reserved 1114112K
  class space    used 2412K, committed 2560K, reserved 1048576K
}
Event: 39.209 GC heap before
{Heap before GC invocations=41 (full 20):
 garbage-first heap   total reserved 13271040K, committed 2392064K, used 1205466K [0x00000004d6000000, 0x0000000800000000)
  region size 8192K, 52 young (425984K), 2 survivors (16384K)
 Metaspace       used 22683K, committed 23104K, reserved 1114112K
  class space    used 2569K, committed 2752K, reserved 1048576K
}
Event: 39.220 GC heap after
{Heap after GC invocations=42 (full 20):
 garbage-first heap   total reserved 13271040K, committed 2392064K, used 803281K [0x00000004d6000000, 0x0000000800000000)
  region size 8192K, 3 young (24576K), 3 survivors (24576K)
 Metaspace       used 22683K, committed 23104K, reserved 1114112K
  class space    used 2569K, committed 2752K, reserved 1048576K
}
Event: 39.449 GC heap before
{Heap before GC invocations=42 (full 20):
 garbage-first heap   total reserved 13271040K, committed 2392064K, used 827857K [0x00000004d6000000, 0x0000000800000000)
  region size 8192K, 8 young (65536K), 3 survivors (24576K)
 Metaspace       used 22845K, committed 23232K, reserved 1114112K
  class space    used 2594K, committed 2752K, reserved 1048576K
}
Event: 39.554 GC heap after
{Heap after GC invocations=43 (full 21):
 garbage-first heap   total reserved 13271040K, committed 2392064K, used 798725K [0x00000004d6000000, 0x0000000800000000)
  region size 8192K, 0 young (0K), 0 survivors (0K)
 Metaspace       used 22845K, committed 23232K, reserved 1114112K
  class space    used 2594K, committed 2752K, reserved 1048576K
}
Event: 41.153 GC heap before
{Heap before GC invocations=43 (full 21):
 garbage-first heap   total reserved 13271040K, committed 2392064K, used 1339397K [0x00000004d6000000, 0x0000000800000000)
  region size 8192K, 67 young (548864K), 0 survivors (0K)
 Metaspace       used 23062K, committed 23488K, reserved 1114112K
  class space    used 2632K, committed 2816K, reserved 1048576K
}
Event: 41.165 GC heap after
{Heap after GC invocations=44 (full 21):
 garbage-first heap   total reserved 13271040K, committed 2392064K, used 825769K [0x00000004d6000000, 0x0000000800000000)
  region size 8192K, 4 young (32768K), 4 survivors (32768K)
 Metaspace       used 23062K, committed 23488K, reserved 1114112K
  class space    used 2632K, committed 2816K, reserved 1048576K
}
Event: 41.261 GC heap before
{Heap before GC invocations=44 (full 21):
 garbage-first heap   total reserved 13271040K, committed 2392064K, used 1497513K [0x00000004d6000000, 0x0000000800000000)
  region size 8192K, 87 young (712704K), 4 survivors (32768K)
 Metaspace       used 23071K, committed 23488K, reserved 1114112K
  class space    used 2632K, committed 2816K, reserved 1048576K
}
Event: 41.271 GC heap after
{Heap after GC invocations=45 (full 21):
 garbage-first heap   total reserved 13271040K, committed 2392064K, used 826016K [0x00000004d6000000, 0x0000000800000000)
  region size 8192K, 4 young (32768K), 4 survivors (32768K)
 Metaspace       used 23071K, committed 23488K, reserved 1114112K
  class space    used 2632K, committed 2816K, reserved 1048576K
}
Event: 41.400 GC heap before
{Heap before GC invocations=45 (full 21):
 garbage-first heap   total reserved 13271040K, committed 2392064K, used 1677984K [0x00000004d6000000, 0x0000000800000000)
  region size 8192K, 109 young (892928K), 4 survivors (32768K)
 Metaspace       used 23071K, committed 23488K, reserved 1114112K
  class space    used 2632K, committed 2816K, reserved 1048576K
}
Event: 41.410 GC heap after
{Heap after GC invocations=46 (full 21):
 garbage-first heap   total reserved 13271040K, committed 2392064K, used 827422K [0x00000004d6000000, 0x0000000800000000)
  region size 8192K, 4 young (32768K), 4 survivors (32768K)
 Metaspace       used 23071K, committed 23488K, reserved 1114112K
  class space    used 2632K, committed 2816K, reserved 1048576K
}
Event: 41.510 GC heap before
{Heap before GC invocations=46 (full 21):
 garbage-first heap   total reserved 13271040K, committed 2392064K, used 1736734K [0x00000004d6000000, 0x0000000800000000)
  region size 8192K, 116 young (950272K), 4 survivors (32768K)
 Metaspace       used 23071K, committed 23488K, reserved 1114112K
  class space    used 2632K, committed 2816K, reserved 1048576K
}

Dll operation events (9 events):
Event: 0.054 Loaded shared library C:\Users\brand\anaconda3\envs\roda\Library\lib\jvm\bin\java.dll
Event: 0.175 Loaded shared library C:\Users\brand\anaconda3\envs\roda\Library\lib\jvm\bin\jsvml.dll
Event: 0.224 Loaded shared library C:\Users\brand\anaconda3\envs\roda\Library\lib\jvm\bin\net.dll
Event: 0.230 Loaded shared library C:\Users\brand\anaconda3\envs\roda\Library\lib\jvm\bin\nio.dll
Event: 0.277 Loaded shared library C:\Users\brand\anaconda3\envs\roda\Library\lib\jvm\bin\zip.dll
Event: 0.428 Loaded shared library C:\Users\brand\anaconda3\envs\roda\Lib\site-packages\_jpype.cp311-win_amd64.pyd
Event: 0.507 Loaded shared library C:\Users\brand\anaconda3\envs\roda\Library\lib\jvm\bin\jimage.dll
Event: 12.724 Loaded shared library C:\Users\brand\anaconda3\envs\roda\Library\lib\jvm\bin\verify.dll
Event: 32.846 Loaded shared library C:\Users\brand\anaconda3\envs\roda\Library\lib\jvm\bin\awt.dll

Deoptimization events (20 events):
Event: 41.121 Thread 0x0000023094465780 DEOPT PACKING pc=0x00000230297ff0a4 sp=0x000000579d53e800
Event: 41.121 Thread 0x0000023094465780 DEOPT UNPACKING pc=0x00000230309c4b22 sp=0x000000579d53dcd8 mode 0
Event: 41.121 Thread 0x000002301d513330 DEOPT PACKING pc=0x00000230297ff0a4 sp=0x00000057933ebb60
Event: 41.122 Thread 0x000002301d513330 DEOPT UNPACKING pc=0x00000230309c4b22 sp=0x00000057933eb038 mode 0
Event: 41.123 Thread 0x0000023094465e10 DEOPT PACKING pc=0x00000230297ff0a4 sp=0x000000579d15ea20
Event: 41.123 Thread 0x0000023094464a60 DEOPT PACKING pc=0x00000230297ff0a4 sp=0x000000579cd7e800
Event: 41.123 Thread 0x0000023094465e10 DEOPT UNPACKING pc=0x00000230309c4b22 sp=0x000000579d15def8 mode 0
Event: 41.123 Thread 0x0000023094464a60 DEOPT UNPACKING pc=0x00000230309c4b22 sp=0x000000579cd7dcd8 mode 0
Event: 41.123 Thread 0x00000230944650f0 DEOPT PACKING pc=0x00000230297ff0a4 sp=0x000000579cf6ec00
Event: 41.123 Thread 0x00000230944650f0 DEOPT UNPACKING pc=0x00000230309c4b22 sp=0x000000579cf6e0d8 mode 0
Event: 41.124 Thread 0x00000230944636b0 DEOPT PACKING pc=0x00000230297ff0a4 sp=0x000000579c99ea90
Event: 41.124 Thread 0x00000230944636b0 DEOPT UNPACKING pc=0x00000230309c4b22 sp=0x000000579c99df68 mode 0
Event: 41.124 Thread 0x000002301d513330 DEOPT PACKING pc=0x00000230297ff0a4 sp=0x00000057933ebb60
Event: 41.124 Thread 0x000002301d513330 DEOPT UNPACKING pc=0x00000230309c4b22 sp=0x00000057933eb038 mode 0
Event: 41.124 Thread 0x0000023094465780 DEOPT PACKING pc=0x00000230297ff0a4 sp=0x000000579d53e800
Event: 41.124 Thread 0x0000023094465780 DEOPT UNPACKING pc=0x00000230309c4b22 sp=0x000000579d53dcd8 mode 0
Event: 41.124 Thread 0x0000023094469290 DEOPT PACKING pc=0x00000230297ff0a4 sp=0x000000579d72e910
Event: 41.124 Thread 0x0000023094469290 DEOPT UNPACKING pc=0x00000230309c4b22 sp=0x000000579d72dde8 mode 0
Event: 41.124 Thread 0x0000023094463d40 DEOPT PACKING pc=0x00000230297ff0a4 sp=0x000000579d34eb60
Event: 41.124 Thread 0x0000023094463d40 DEOPT UNPACKING pc=0x00000230309c4b22 sp=0x000000579d34e038 mode 0

Classes loaded (20 events):
Event: 38.985 Loading class java/util/concurrent/CancellationException
Event: 38.985 Loading class java/util/concurrent/CancellationException done
Event: 38.998 Loading class java/util/stream/Streams$RangeIntSpliterator
Event: 38.998 Loading class java/util/stream/Streams$RangeIntSpliterator done
Event: 38.998 Loading class java/util/stream/IntPipeline$Head
Event: 38.999 Loading class java/util/stream/IntPipeline
Event: 38.999 Loading class java/util/stream/IntPipeline done
Event: 38.999 Loading class java/util/stream/IntPipeline$Head done
Event: 39.001 Loading class java/util/stream/ForEachOps$ForEachOp$OfInt
Event: 39.002 Loading class java/util/stream/Sink$OfInt
Event: 39.002 Loading class java/util/stream/Sink$OfInt done
Event: 39.002 Loading class java/util/stream/ForEachOps$ForEachOp$OfInt done
Event: 39.002 Loading class java/util/stream/ForEachOps$ForEachTask
Event: 39.002 Loading class java/util/stream/ForEachOps$ForEachTask done
Event: 41.050 Loading class java/util/stream/IntPipeline$1
Event: 41.051 Loading class java/util/stream/IntPipeline$1 done
Event: 41.051 Loading class java/util/stream/IntPipeline$1$1
Event: 41.051 Loading class java/util/stream/Sink$ChainedInt
Event: 41.051 Loading class java/util/stream/Sink$ChainedInt done
Event: 41.051 Loading class java/util/stream/IntPipeline$1$1 done

Classes unloaded (4 events):
Event: 34.851 Thread 0x000002301d8c86e0 Unloading class 0x000002304d172400 'java/lang/invoke/LambdaForm$DMH+0x000002304d172400'
Event: 34.851 Thread 0x000002301d8c86e0 Unloading class 0x000002304d172000 'java/lang/invoke/LambdaForm$DMH+0x000002304d172000'
Event: 34.851 Thread 0x000002301d8c86e0 Unloading class 0x000002304d171c00 'java/lang/invoke/LambdaForm$DMH+0x000002304d171c00'
Event: 34.851 Thread 0x000002301d8c86e0 Unloading class 0x000002304d171000 'java/lang/invoke/LambdaForm$DMH+0x000002304d171000'

Classes redefined (0 events):
No events

Internal exceptions (20 events):
Event: 39.808 Thread 0x000002301d513330 Implicit null exception at 0x0000023030f39c0c to 0x0000023030f39ed0
Event: 39.823 Thread 0x000002301d513330 Implicit null exception at 0x0000023030f39c0c to 0x0000023030f39ed0
Event: 41.053 Thread 0x000002309445ee80 Exception <a 'java/lang/NoSuchMethodError'{0x000000054f9ab928}: 'int java.lang.invoke.DirectMethodHandle$Holder.invokeInterface(java.lang.Object, java.lang.Object, int)'> (0x000000054f9ab928) 
thrown [s\src\hotspot\share\interpreter\linkResolver.cpp, line 796]
Event: 41.054 Thread 0x0000023094464a60 Exception <a 'java/lang/NoSuchMethodError'{0x000000054f0008d0}: 'int java.lang.invoke.DirectMethodHandle$Holder.invokeInterface(java.lang.Object, java.lang.Object, int)'> (0x000000054f0008d0) 
thrown [s\src\hotspot\share\interpreter\linkResolver.cpp, line 796]
Event: 41.056 Thread 0x0000023094462990 Exception <a 'java/lang/NoSuchMethodError'{0x0000000550000ae0}: 'int java.lang.invoke.DirectMethodHandle$Holder.invokeInterface(java.lang.Object, java.lang.Object, int)'> (0x0000000550000ae0) 
thrown [s\src\hotspot\share\interpreter\linkResolver.cpp, line 796]
Event: 41.056 Thread 0x0000023094469290 Exception <a 'java/lang/NoSuchMethodError'{0x00000005506bc7b8}: 'int java.lang.invoke.DirectMethodHandle$Holder.invokeInterface(java.lang.Object, java.lang.Object, int)'> (0x00000005506bc7b8) 
thrown [s\src\hotspot\share\interpreter\linkResolver.cpp, line 796]
Event: 41.056 Thread 0x00000230944643d0 Exception <a 'java/lang/NoSuchMethodError'{0x000000054fb5e990}: 'int java.lang.invoke.DirectMethodHandle$Holder.invokeInterface(java.lang.Object, java.lang.Object, int)'> (0x000000054fb5e990) 
thrown [s\src\hotspot\share\interpreter\linkResolver.cpp, line 796]
Event: 41.057 Thread 0x00000230944650f0 Exception <a 'java/lang/NoSuchMethodError'{0x000000054feb8640}: 'int java.lang.invoke.DirectMethodHandle$Holder.invokeInterface(java.lang.Object, java.lang.Object, int)'> (0x000000054feb8640) 
thrown [s\src\hotspot\share\interpreter\linkResolver.cpp, line 796]
Event: 41.057 Thread 0x0000023094463d40 Exception <a 'java/lang/NoSuchMethodError'{0x0000000550511838}: 'int java.lang.invoke.DirectMethodHandle$Holder.invokeInterface(java.lang.Object, java.lang.Object, int)'> (0x0000000550511838) 
thrown [s\src\hotspot\share\interpreter\linkResolver.cpp, line 796]
Event: 41.057 Thread 0x00000230944636b0 Exception <a 'java/lang/NoSuchMethodError'{0x00000005501afaa0}: 'int java.lang.invoke.DirectMethodHandle$Holder.invokeInterface(java.lang.Object, java.lang.Object, int)'> (0x00000005501afaa0) 
thrown [s\src\hotspot\share\interpreter\linkResolver.cpp, line 796]
Event: 41.057 Thread 0x0000023094465e10 Exception <a 'java/lang/NoSuchMethodError'{0x000000055035e8f0}: 'int java.lang.invoke.DirectMethodHandle$Holder.invokeInterface(java.lang.Object, java.lang.Object, int)'> (0x000000055035e8f0) 
thrown [s\src\hotspot\share\interpreter\linkResolver.cpp, line 796]
Event: 41.057 Thread 0x000002301d513330 Exception <a 'java/lang/NoSuchMethodError'{0x0000000550c443e0}: 'int java.lang.invoke.DirectMethodHandle$Holder.invokeInterface(java.lang.Object, java.lang.Object, int)'> (0x0000000550c443e0) 
thrown [s\src\hotspot\share\interpreter\linkResolver.cpp, line 796]
Event: 41.060 Thread 0x0000023094464a60 Exception <a 'java/lang/NoSuchMethodError'{0x000000054f0492b0}: 'int java.lang.invoke.DirectMethodHandle$Holder.invokeSpecial(java.lang.Object, java.lang.Object, java.lang.Object, java.lang.Object, java.lang.Object, java.lang.Object, java.lang.Object, int)'> (0x000000054f0492b0) 
thrown [s\src\hotspot\share\interpreter\linkResolver.cpp, line 796]
Event: 41.063 Thread 0x0000023094463020 Exception <a 'java/lang/NoSuchMethodError'{0x000000054fd5c598}: 'java.lang.Object java.lang.invoke.DirectMethodHandle$Holder.newInvokeSpecial(java.lang.Object, java.lang.Object, java.lang.Object, java.lang.Object, java.lang.Object, java.lang.Object, java.lang.Object)'> (0x000000054fd5c598) 
thrown [s\src\hotspot\share\interpreter\linkResolver.cpp, line 796]
Event: 41.063 Thread 0x0000023094465780 Exception <a 'java/lang/NoSuchMethodError'{0x000000054f84cbd8}: 'java.lang.Object java.lang.invoke.DirectMethodHandle$Holder.newInvokeSpecial(java.lang.Object, java.lang.Object, java.lang.Object, java.lang.Object, java.lang.Object, java.lang.Object, java.lang.Object)'> (0x000000054f84cbd8) 
thrown [s\src\hotspot\share\interpreter\linkResolver.cpp, line 796]
Event: 41.063 Thread 0x000002309445ee80 Exception <a 'java/lang/NoSuchMethodError'{0x000000054f9f7d40}: 'java.lang.Object java.lang.invoke.DirectMethodHandle$Holder.newInvokeSpecial(java.lang.Object, java.lang.Object, java.lang.Object, java.lang.Object, java.lang.Object, java.lang.Object, java.lang.Object)'> (0x000000054f9f7d40) 
thrown [s\src\hotspot\share\interpreter\linkResolver.cpp, line 796]
Event: 41.064 Thread 0x0000023094464a60 Exception <a 'java/lang/NoSuchMethodError'{0x000000054f050480}: 'java.lang.Object java.lang.invoke.DirectMethodHandle$Holder.newInvokeSpecial(java.lang.Object, java.lang.Object, java.lang.Object, java.lang.Object, java.lang.Object, java.lang.Object, java.lang.Object)'> (0x000000054f050480) 
thrown [s\src\hotspot\share\interpreter\linkResolver.cpp, line 796]
Event: 41.065 Thread 0x0000023094463020 Exception <a 'java/lang/NoSuchMethodError'{0x000000054fd60c20}: 'int java.lang.invoke.DirectMethodHandle$Holder.invokeStatic(java.lang.Object, java.lang.Object, int, int)'> (0x000000054fd60c20) 
thrown [s\src\hotspot\share\interpreter\linkResolver.cpp, line 796]
Event: 41.065 Thread 0x0000023094469290 Exception <a 'java/lang/NoSuchMethodError'{0x0000000550709008}: 'int java.lang.invoke.DirectMethodHandle$Holder.invokeStatic(java.lang.Object, java.lang.Object, int, int)'> (0x0000000550709008) 
thrown [s\src\hotspot\share\interpreter\linkResolver.cpp, line 796]
Event: 41.065 Thread 0x00000230944636b0 Exception <a 'java/lang/NoSuchMethodError'{0x00000005501fc290}: 'int java.lang.invoke.DirectMethodHandle$Holder.invokeStatic(java.lang.Object, java.lang.Object, int, int)'> (0x00000005501fc290) 
thrown [s\src\hotspot\share\interpreter\linkResolver.cpp, line 796]

VM Operations (20 events):
Event: 34.959 Executing VM operation: HandshakeAllThreads (Deoptimize) done
Event: 34.960 Executing VM operation: HandshakeAllThreads (Deoptimize)
Event: 34.960 Executing VM operation: HandshakeAllThreads (Deoptimize) done
Event: 34.968 Executing VM operation: HandshakeAllThreads (Deoptimize)
Event: 34.968 Executing VM operation: HandshakeAllThreads (Deoptimize) done
Event: 38.837 Executing VM operation: HandshakeAllThreads (Deoptimize)
Event: 38.837 Executing VM operation: HandshakeAllThreads (Deoptimize) done
Event: 39.209 Executing VM operation: G1CollectForAllocation (G1 Evacuation Pause)
Event: 39.220 Executing VM operation: G1CollectForAllocation (G1 Evacuation Pause) done
Event: 39.449 Executing VM operation: G1CollectFull (System.gc())
Event: 39.554 Executing VM operation: G1CollectFull (System.gc()) done
Event: 41.057 Executing VM operation: HandshakeAllThreads (Deoptimize)
Event: 41.057 Executing VM operation: HandshakeAllThreads (Deoptimize) done
Event: 41.152 Executing VM operation: G1CollectForAllocation (G1 Evacuation Pause)
Event: 41.165 Executing VM operation: G1CollectForAllocation (G1 Evacuation Pause) done
Event: 41.260 Executing VM operation: G1CollectForAllocation (G1 Evacuation Pause)
Event: 41.271 Executing VM operation: G1CollectForAllocation (G1 Evacuation Pause) done
Event: 41.399 Executing VM operation: G1CollectForAllocation (G1 Evacuation Pause)
Event: 41.411 Executing VM operation: G1CollectForAllocation (G1 Evacuation Pause) done
Event: 41.509 Executing VM operation: G1CollectForAllocation (G1 Evacuation Pause)

Memory protections (0 events):
No events

Nmethod flushes (20 events):
Event: 39.499 Thread 0x000002301d8c86e0 flushing  nmethod 0x0000023029597d08
Event: 39.499 Thread 0x000002301d8c86e0 flushing  nmethod 0x00000230295dd808
Event: 39.499 Thread 0x000002301d8c86e0 flushing  nmethod 0x00000230295de208
Event: 39.499 Thread 0x000002301d8c86e0 flushing  nmethod 0x00000230296e2a08
Event: 39.499 Thread 0x000002301d8c86e0 flushing  nmethod 0x00000230297b2288
Event: 39.499 Thread 0x000002301d8c86e0 flushing  nmethod 0x00000230297b3d88
Event: 39.499 Thread 0x000002301d8c86e0 flushing  nmethod 0x00000230297b4208
Event: 39.499 Thread 0x000002301d8c86e0 flushing  nmethod 0x00000230297b6208
Event: 39.499 Thread 0x000002301d8c86e0 flushing  nmethod 0x00000230297b6588
Event: 39.499 Thread 0x000002301d8c86e0 flushing  nmethod 0x00000230297b9d08
Event: 39.499 Thread 0x000002301d8c86e0 flushing  nmethod 0x00000230297fae08
Event: 39.499 Thread 0x000002301d8c86e0 flushing  nmethod 0x00000230297fd808
Event: 39.499 Thread 0x000002301d8c86e0 flushing  nmethod 0x00000230297fe088
Event: 39.499 Thread 0x000002301d8c86e0 flushing  nmethod 0x0000023029826908
Event: 39.499 Thread 0x000002301d8c86e0 flushing  nmethod 0x00000230296a2d88
Event: 39.499 Thread 0x000002301d8c86e0 flushing  nmethod 0x00000230296a3388
Event: 39.499 Thread 0x000002301d8c86e0 flushing  nmethod 0x0000023029724188
Event: 39.499 Thread 0x000002301d8c86e0 flushing  nmethod 0x00000230297be788
Event: 39.499 Thread 0x000002301d8c86e0 flushing  nmethod 0x0000023029815d08
Event: 39.499 Thread 0x000002301d8c86e0 flushing  nmethod 0x000002302981d988

Events (20 events):
Event: 38.800 Thread 0x000002301d91cb50 Thread added: 0x00000230973c6080
Event: 38.845 Thread 0x000002301d91cb50 Thread added: 0x00000230973c9dd0
Event: 39.003 Thread 0x000002301d513330 Thread added: 0x000002309445ee80
Event: 39.003 Thread 0x000002301d513330 Thread added: 0x0000023094463020
Event: 39.004 Thread 0x000002309445ee80 Thread added: 0x00000230944643d0
Event: 39.004 Thread 0x000002309445ee80 Thread added: 0x00000230944636b0
Event: 39.004 Thread 0x0000023094463020 Thread added: 0x0000023094462990
Event: 39.004 Thread 0x000002309445ee80 Thread added: 0x0000023094464a60
Event: 39.004 Thread 0x0000023094463020 Thread added: 0x00000230944650f0
Event: 39.005 Thread 0x000002309445ee80 Thread added: 0x0000023094465e10
Event: 39.005 Thread 0x00000230944643d0 Thread added: 0x0000023094463d40
Event: 39.005 Thread 0x000002309445ee80 Thread added: 0x0000023094465780
Event: 39.006 Thread 0x00000230944643d0 Thread added: 0x0000023094469290
Event: 39.565 Thread 0x00000230973c9dd0 Thread exited: 0x00000230973c9dd0
Event: 39.616 Thread 0x000002301d91cb50 Thread added: 0x00000230973c9030
Event: 40.333 Thread 0x00000230973c9030 Thread exited: 0x00000230973c9030
Event: 40.672 Thread 0x00000230973c6080 Thread exited: 0x00000230973c6080
Event: 41.094 Thread 0x000002301d91cb50 Thread added: 0x00000230973c9030
Event: 41.121 Thread 0x000002301d91cb50 Thread added: 0x00000230973c6750
Event: 41.311 Thread 0x00000230973c6750 Thread exited: 0x00000230973c6750


Dynamic libraries:
0x00007ff6d92e0000 - 0x00007ff6d92fc000 	c:\Users\brand\anaconda3\envs\roda\python.exe
0x00007ff931060000 - 0x00007ff9312c7000 	C:\WINDOWS\SYSTEM32\ntdll.dll
0x00007ff92fa40000 - 0x00007ff92fb09000 	C:\WINDOWS\System32\KERNEL32.DLL
0x00007ff92e6f0000 - 0x00007ff92eae0000 	C:\WINDOWS\System32\KERNELBASE.dll
0x00007ff92ad80000 - 0x00007ff92ae1e000 	C:\WINDOWS\SYSTEM32\apphelp.dll
0x00007ff92e4f0000 - 0x00007ff92e63b000 	C:\WINDOWS\System32\ucrtbase.dll
0x00007ff8eef30000 - 0x00007ff8eef4e000 	c:\Users\brand\anaconda3\envs\roda\VCRUNTIME140.dll
0x00007ff835cd0000 - 0x00007ff836306000 	c:\Users\brand\anaconda3\envs\roda\python311.dll
0x00007ff92f3e0000 - 0x00007ff92f454000 	C:\WINDOWS\System32\WS2_32.dll
0x00007ff925fc0000 - 0x00007ff925fcb000 	C:\WINDOWS\SYSTEM32\VERSION.dll
0x00007ff92eef0000 - 0x00007ff92ef99000 	C:\WINDOWS\System32\msvcrt.dll
0x00007ff92fce0000 - 0x00007ff92fdf8000 	C:\WINDOWS\System32\RPCRT4.dll
0x00007ff92f4d0000 - 0x00007ff92f584000 	C:\WINDOWS\System32\ADVAPI32.dll
0x00007ff92f980000 - 0x00007ff92fa26000 	C:\WINDOWS\System32\sechost.dll
0x00007ff92e080000 - 0x00007ff92e0a6000 	C:\WINDOWS\SYSTEM32\bcrypt.dll
0x00007ff8e6e40000 - 0x00007ff8e6e5a000 	c:\Users\brand\anaconda3\envs\roda\zlib.dll
0x00007ff92e190000 - 0x00007ff92e229000 	C:\WINDOWS\System32\bcryptprimitives.dll
0x0000023012ee0000 - 0x0000023012eef000 	c:\Users\brand\anaconda3\envs\roda\python3.DLL
0x00007ff8e6b90000 - 0x00007ff8e6bce000 	c:\Users\brand\anaconda3\envs\roda\Lib\site-packages\zmq\backend\cython\_zmq.cp311-win_amd64.pyd
0x00007ff8dac70000 - 0x00007ff8dace4000 	c:\Users\brand\anaconda3\envs\roda\Library\bin\libzmq-mt-4_3_5.dll
0x00007ff8da2e0000 - 0x00007ff8da36d000 	c:\Users\brand\anaconda3\envs\roda\MSVCP140.dll
0x00007ff90ef30000 - 0x00007ff90ef3c000 	c:\Users\brand\anaconda3\envs\roda\VCRUNTIME140_1.dll
0x00007ff92ca20000 - 0x00007ff92ca53000 	C:\WINDOWS\SYSTEM32\IPHLPAPI.DLL
0x00007ff8e5590000 - 0x00007ff8e55a6000 	c:\Users\brand\anaconda3\envs\roda\DLLs\_socket.pyd
0x00007ff9002c0000 - 0x00007ff9002c9000 	c:\Users\brand\anaconda3\envs\roda\DLLs\select.pyd
0x00007ff8e3020000 - 0x00007ff8e304e000 	c:\Users\brand\anaconda3\envs\roda\DLLs\_ssl.pyd
0x00007ff92eb20000 - 0x00007ff92ec97000 	C:\WINDOWS\System32\CRYPT32.dll
0x00007ff8355e0000 - 0x00007ff835cc8000 	c:\Users\brand\anaconda3\envs\roda\Library\bin\libcrypto-3-x64.dll
0x00007ff92fb10000 - 0x00007ff92fcd5000 	C:\WINDOWS\System32\USER32.dll
0x00007ff92eaf0000 - 0x00007ff92eb17000 	C:\WINDOWS\System32\win32u.dll
0x00007ff930870000 - 0x00007ff93089b000 	C:\WINDOWS\System32\GDI32.dll
0x00007ff92e230000 - 0x00007ff92e368000 	C:\WINDOWS\System32\gdi32full.dll
0x00007ff92e640000 - 0x00007ff92e6e3000 	C:\WINDOWS\System32\msvcp_win.dll
0x00007ff851a90000 - 0x00007ff851bd3000 	c:\Users\brand\anaconda3\envs\roda\Library\bin\libssl-3-x64.dll
0x00007ff930fe0000 - 0x00007ff93100f000 	C:\WINDOWS\System32\IMM32.DLL
0x00007ff8e3400000 - 0x00007ff8e3411000 	c:\Users\brand\anaconda3\envs\roda\DLLs\_asyncio.pyd
0x00007ff8f6630000 - 0x00007ff8f663e000 	c:\Users\brand\anaconda3\envs\roda\DLLs\_overlapped.pyd
0x00007ff92d5c0000 - 0x00007ff92d62b000 	C:\WINDOWS\system32\mswsock.dll
0x00007ff8fbf10000 - 0x00007ff8fbf1b000 	c:\Users\brand\anaconda3\envs\roda\DLLs\_bz2.pyd
0x00007ff8e5540000 - 0x00007ff8e5555000 	c:\Users\brand\anaconda3\envs\roda\Library\bin\libbz2.dll
0x00007ff8f8150000 - 0x00007ff8f815d000 	c:\Users\brand\anaconda3\envs\roda\DLLs\_lzma.pyd
0x00007ff8e35a0000 - 0x00007ff8e35d2000 	c:\Users\brand\anaconda3\envs\roda\Library\bin\liblzma.dll
0x00007ff900230000 - 0x00007ff900239000 	c:\Users\brand\anaconda3\envs\roda\DLLs\_queue.pyd
0x00007ff8eeec0000 - 0x00007ff8eeed0000 	c:\Users\brand\anaconda3\envs\roda\DLLs\_hashlib.pyd
0x00007ff8ebc00000 - 0x00007ff8ebc07000 	c:\Users\brand\anaconda3\envs\roda\Lib\site-packages\tornado\speedups.pyd
0x00007ff8e3ae0000 - 0x00007ff8e3b01000 	c:\Users\brand\anaconda3\envs\roda\DLLs\_ctypes.pyd
0x00007ff92f040000 - 0x00007ff92f1e0000 	C:\WINDOWS\System32\ole32.dll
0x00007ff8fbfd0000 - 0x00007ff8fbfdb000 	c:\Users\brand\anaconda3\envs\roda\Library\bin\ffi-8.dll
0x00007ff92f5f0000 - 0x00007ff92f975000 	C:\WINDOWS\System32\combase.dll
0x00007ff9308d0000 - 0x00007ff9309b0000 	C:\WINDOWS\System32\OLEAUT32.dll
0x00007ff8dac20000 - 0x00007ff8dac6b000 	c:\Users\brand\anaconda3\envs\roda\DLLs\_decimal.pyd
0x00007ff8ea320000 - 0x00007ff8ea328000 	c:\Users\brand\anaconda3\envs\roda\DLLs\_uuid.pyd
0x00007ff930120000 - 0x00007ff93086d000 	C:\WINDOWS\System32\shell32.DLL
0x00007ff92e370000 - 0x00007ff92e4e3000 	C:\WINDOWS\System32\wintypes.dll
0x00007ff8e2950000 - 0x00007ff8e296b000 	c:\Users\brand\anaconda3\envs\roda\DLLs\_sqlite3.pyd
0x00007ff84fee0000 - 0x00007ff8500c5000 	c:\Users\brand\anaconda3\envs\roda\Library\bin\sqlite3.dll
0x00007ff86e0a0000 - 0x00007ff86e1b8000 	c:\Users\brand\anaconda3\envs\roda\DLLs\unicodedata.pyd
0x00007ff8e05f0000 - 0x00007ff8e0605000 	c:\Users\brand\anaconda3\envs\roda\Lib\site-packages\psutil\_psutil_windows.cp311-win_amd64.pyd
0x00007ff9308a0000 - 0x00007ff9308a8000 	C:\WINDOWS\System32\PSAPI.DLL
0x00007ff92cd70000 - 0x00007ff92cdce000 	C:\WINDOWS\SYSTEM32\POWRPROF.dll
0x00007ff9095d0000 - 0x00007ff90961e000 	C:\WINDOWS\SYSTEM32\pdh.dll
0x00007ff92cd50000 - 0x00007ff92cd64000 	C:\WINDOWS\SYSTEM32\UMPDC.dll
0x00007ff92ae40000 - 0x00007ff92ae56000 	C:\WINDOWS\SYSTEM32\wtsapi32.dll
0x00007ff92f4b0000 - 0x00007ff92f4ba000 	C:\WINDOWS\System32\NSI.dll
0x00007ff927800000 - 0x00007ff92781f000 	C:\WINDOWS\SYSTEM32\dhcpcsvc6.DLL
0x00007ff9277d0000 - 0x00007ff9277f5000 	C:\WINDOWS\SYSTEM32\dhcpcsvc.DLL
0x00007ff92cb30000 - 0x00007ff92cc56000 	C:\WINDOWS\SYSTEM32\DNSAPI.dll
0x00007ff900600000 - 0x00007ff900608000 	C:\WINDOWS\system32\wshunix.dll
0x00007ff92d030000 - 0x00007ff92d04b000 	C:\WINDOWS\SYSTEM32\kernel.appcore.dll
0x00007ff8df890000 - 0x00007ff8df8a2000 	c:\Users\brand\anaconda3\envs\roda\DLLs\pyexpat.pyd
0x00007ff8d9d00000 - 0x00007ff8d9d6a000 	c:\Users\brand\anaconda3\envs\roda\Library\bin\libexpat.dll
0x00007ff8d99a0000 - 0x00007ff8d9a07000 	c:\Users\brand\anaconda3\envs\roda\Lib\site-packages\debugpy\_vendored\pydevd\_pydevd_bundle\pydevd_cython.cp311-win_amd64.pyd
0x00007ff92ff70000 - 0x00007ff930065000 	C:\WINDOWS\System32\shcore.dll
0x00007ff8d9500000 - 0x00007ff8d95bb000 	c:\Users\brand\anaconda3\envs\roda\Lib\site-packages\_brotli.cp311-win_amd64.pyd
0x00007ff924ce0000 - 0x00007ff924cee000 	c:\Users\brand\anaconda3\envs\roda\Lib\site-packages\simplejson\_speedups.cp311-win_amd64.pyd
0x00007ff92d880000 - 0x00007ff92d89b000 	C:\WINDOWS\SYSTEM32\CRYPTSP.dll
0x00007ff92cf90000 - 0x00007ff92cfcb000 	C:\WINDOWS\system32\rsaenh.dll
0x00007ff92d8a0000 - 0x00007ff92d8ac000 	C:\WINDOWS\SYSTEM32\CRYPTBASE.dll
0x00007ff924d20000 - 0x00007ff924d33000 	c:\Users\brand\anaconda3\envs\roda\DLLs\_elementtree.pyd
0x0000000064fc0000 - 0x0000000065059000 	c:\Users\brand\anaconda3\envs\roda\Lib\site-packages\google\_upb\_message.pyd
0x00007ff841750000 - 0x00007ff842044000 	c:\Users\brand\anaconda3\envs\roda\Lib\site-packages\grpc\_cython\cygrpc.cp311-win_amd64.pyd
0x00007ff92ba80000 - 0x00007ff92bcc1000 	C:\WINDOWS\SYSTEM32\dbghelp.dll
0x00007ff84ec60000 - 0x00007ff84ef38000 	c:\Users\brand\anaconda3\envs\roda\Lib\site-packages\numpy\core\_multiarray_umath.cp311-win_amd64.pyd
0x00007ff839190000 - 0x00007ff83aa52000 	c:\Users\brand\anaconda3\envs\roda\Library\bin\libcblas.dll
0x00007ff9238b0000 - 0x00007ff9238c4000 	c:\Users\brand\anaconda3\envs\roda\Lib\site-packages\numpy\core\_multiarray_tests.cp311-win_amd64.pyd
0x00007ff900260000 - 0x00007ff90027d000 	c:\Users\brand\anaconda3\envs\roda\Lib\site-packages\numpy\linalg\_umath_linalg.cp311-win_amd64.pyd
0x00007ff832440000 - 0x00007ff833d02000 	c:\Users\brand\anaconda3\envs\roda\Library\bin\liblapack.dll
0x00007ff833d10000 - 0x00007ff8355d2000 	c:\Users\brand\anaconda3\envs\roda\Library\bin\libblas.dll
0x00007ff900240000 - 0x00007ff90025e000 	c:\Users\brand\anaconda3\envs\roda\Lib\site-packages\numpy\fft\_pocketfft_internal.cp311-win_amd64.pyd
0x00007ff8e39b0000 - 0x00007ff8e3a47000 	c:\Users\brand\anaconda3\envs\roda\Lib\site-packages\numpy\random\mtrand.cp311-win_amd64.pyd
0x00007ff8fc250000 - 0x00007ff8fc27c000 	c:\Users\brand\anaconda3\envs\roda\Lib\site-packages\numpy\random\bit_generator.cp311-win_amd64.pyd
0x00007ff8fbe70000 - 0x00007ff8fbe9f000 	c:\Users\brand\anaconda3\envs\roda\Lib\site-packages\numpy\random\_common.cp311-win_amd64.pyd
0x00007ff8e3b40000 - 0x00007ff8e3b83000 	c:\Users\brand\anaconda3\envs\roda\Lib\site-packages\numpy\random\_bounded_integers.cp311-win_amd64.pyd
0x00007ff8fc300000 - 0x00007ff8fc316000 	c:\Users\brand\anaconda3\envs\roda\Lib\site-packages\numpy\random\_mt19937.cp311-win_amd64.pyd
0x00007ff8fbee0000 - 0x00007ff8fbef5000 	c:\Users\brand\anaconda3\envs\roda\Lib\site-packages\numpy\random\_philox.cp311-win_amd64.pyd
0x00007ff8fbe50000 - 0x00007ff8fbe69000 	c:\Users\brand\anaconda3\envs\roda\Lib\site-packages\numpy\random\_pcg64.cp311-win_amd64.pyd
0x00007ff924cc0000 - 0x00007ff924cd0000 	c:\Users\brand\anaconda3\envs\roda\Lib\site-packages\numpy\random\_sfc64.cp311-win_amd64.pyd
0x00007ff888d50000 - 0x00007ff888dff000 	c:\Users\brand\anaconda3\envs\roda\Lib\site-packages\numpy\random\_generator.cp311-win_amd64.pyd
0x00007ff82efe0000 - 0x00007ff83243b000 	c:\Users\brand\anaconda3\envs\roda\Library\bin\mkl_intel_thread.2.dll
0x00007ff82a4f0000 - 0x00007ff82efda000 	c:\Users\brand\anaconda3\envs\roda\Library\bin\mkl_core.2.dll
0x00007ff827b70000 - 0x00007ff82a4e6000 	c:\Users\brand\anaconda3\envs\roda\Library\bin\mkl_avx2.2.dll
0x00007ff826c90000 - 0x00007ff827b70000 	c:\Users\brand\anaconda3\envs\roda\Library\bin\mkl_vml_avx2.2.dll
0x00007ff84e050000 - 0x00007ff84e3a7000 	c:\Users\brand\anaconda3\envs\roda\Lib\site-packages\pyarrow\lib.cp311-win_amd64.pyd
0x00007ff825860000 - 0x00007ff826c82000 	c:\Users\brand\anaconda3\envs\roda\Library\bin\arrow.dll
0x00007ff888c00000 - 0x00007ff888d42000 	c:\Users\brand\anaconda3\envs\roda\Lib\site-packages\pyarrow\arrow_python.dll
0x00007ff8e3a80000 - 0x00007ff8e3adc000 	c:\Users\brand\anaconda3\envs\roda\Library\bin\utf8proc.dll
0x00007ff864f70000 - 0x00007ff86509e000 	c:\Users\brand\anaconda3\envs\roda\Library\bin\re2.dll
0x00007ff8fc240000 - 0x00007ff8fc24b000 	c:\Users\brand\anaconda3\envs\roda\Library\bin\crc32c.dll
0x00007ff882e80000 - 0x00007ff882f25000 	c:\Users\brand\anaconda3\envs\roda\Library\bin\libcurl.dll
0x00007ff8e55b0000 - 0x00007ff8e55d2000 	c:\Users\brand\anaconda3\envs\roda\Library\bin\aws-cpp-sdk-identity-management.dll
0x00007ff930e50000 - 0x00007ff930ecc000 	C:\WINDOWS\System32\WLDAP32.dll
0x00007ff842590000 - 0x00007ff8427f8000 	c:\Users\brand\anaconda3\envs\roda\Library\bin\aws-cpp-sdk-s3.dll
0x00007ff84deb0000 - 0x00007ff84e046000 	c:\Users\brand\anaconda3\envs\roda\Library\bin\aws-cpp-sdk-core.dll
0x00007ff92daa0000 - 0x00007ff92dad0000 	C:\WINDOWS\SYSTEM32\ncrypt.dll
0x00007ff88f440000 - 0x00007ff88f4b6000 	c:\Users\brand\anaconda3\envs\roda\Library\bin\aws-crt-cpp.dll
0x00007ff842230000 - 0x00007ff842581000 	c:\Users\brand\anaconda3\envs\roda\Library\bin\orc.dll
0x00007ff882d50000 - 0x00007ff882df7000 	c:\Users\brand\anaconda3\envs\roda\Library\bin\zstd.dll
0x00007ff841570000 - 0x00007ff841748000 	c:\Users\brand\anaconda3\envs\roda\Library\bin\abseil_dll.dll
0x00007ff841230000 - 0x00007ff841565000 	c:\Users\brand\anaconda3\envs\roda\Library\bin\brotlienc.dll
0x00007ff8e3b20000 - 0x00007ff8e3b31000 	c:\Users\brand\anaconda3\envs\roda\Library\bin\brotlidec.dll
0x00007ff8e2ef0000 - 0x00007ff8e2f08000 	c:\Users\brand\anaconda3\envs\roda\Library\bin\snappy.dll
0x00007ff8e2f10000 - 0x00007ff8e2f33000 	c:\Users\brand\anaconda3\envs\roda\Library\bin\lz4.dll
0x00007ff8da290000 - 0x00007ff8da2d3000 	c:\Users\brand\anaconda3\envs\roda\Library\bin\libssh2.dll
0x00007ff8d9f70000 - 0x00007ff8d9fb4000 	c:\Users\brand\anaconda3\envs\roda\Library\bin\aws-cpp-sdk-sts.dll
0x00007ff889250000 - 0x00007ff8892c2000 	c:\Users\brand\anaconda3\envs\roda\Library\bin\aws-cpp-sdk-cognito-identity.dll
0x00007ff8dd8b0000 - 0x00007ff8dd8e9000 	c:\Users\brand\anaconda3\envs\roda\Library\bin\aws-c-common.dll
0x00007ff92efd0000 - 0x00007ff92f03a000 	C:\WINDOWS\System32\SHLWAPI.dll
0x00007ff92d660000 - 0x00007ff92d68b000 	C:\WINDOWS\SYSTEM32\USERENV.dll

dbghelp: loaded successfully - version: 4.0.5 - missing functions: none
symbol engine: initialized successfully - sym options: 0x614 - pdb path: .;c:\Users\brand\anaconda3\envs\roda;C:\WINDOWS\SYSTEM32;c:\Users\brand\anaconda3\envs\roda\Lib\site-packages\zmq\backend\cython;c:\Users\brand\anaconda3\envs\roda\Library\bin;c:\Users\brand\anaconda3\envs\roda\DLLs;c:\Users\brand\anaconda3\envs\roda\Lib\site-packages\tornado;c:\Users\brand\anaconda3\envs\roda\Lib\site-packages\psutil;c:\Users\brand\anaconda3\envs\roda\Lib\site-packages\debugpy\_vendored\pydevd\_pydevd_bundle;c:\Users\brand\anaconda3\envs\roda\Lib\site-packages;c:\Users\brand\anaconda3\envs\roda\Lib\site-packages\simplejson;c:\Users\brand\anaconda3\envs\roda\Lib\site-packages\google\_upb;c:\Users\brand\anaconda3\envs\roda\Lib\site-packages\grpc\_cython;c:\Users\brand\anaconda3\envs\roda\Lib\site-packages\numpy\core;c:\Users\brand\anaconda3\envs\roda\Lib\site-packages\numpy\linalg;c:\Users\brand\anaconda3\envs\roda\Lib\site-packages\numpy\fft;c:\Users\brand\anaconda3\envs\roda\Lib\site-packages\numpy\random;c:\Users\brand\anaconda3\envs\roda\Lib\site-packages\pyarrow;c:\Users\brand\anaconda3\envs\roda\Lib\site-packages\pandas\_libs;c:\Users\brand\anaconda3\envs\roda\Lib\site-packages\pandas\_libs\tslibs;c:\Users\brand\anaconda3\envs\roda\Lib\site-packages\numexpr;c:\Users\brand\anaconda3\envs\roda\Lib\site-packages\bottleneck;c:\Users\brand\anaconda3\envs\roda\Lib\site-packages\pandas\_libs\window;c:\Users\brand\anaconda3\envs\roda\Lib\site-packages\shapely;c:\Users\brand\anaconda3\envs\roda\Lib\site-packages\pyproj;c:\Users\brand\anaconda3\envs\roda\Lib\site-packages\h3\_cy;c:\Users\brand\anaconda3\envs\roda\Lib\site-packages\matplotlib;c:\Users\brand\anaconda3\envs\roda\Lib\site-packages\PIL;c:\Users\brand\anaconda3\envs\roda\Lib\site-packages\kiwisolver;c:\Users\brand\anaconda3\envs\roda\Lib\site-packages\lz4;c:\Users\brand\anaconda3\envs\roda\Lib\site-packages\lz4\frame;c:\Users\brand\anaconda3\envs\roda\Lib\site-packages\sklearn\__check_build;C:\Users\brand\anaconda3\envs\roda\Library\lib\jvm\bin\server;C:\Users\brand\anaconda3\envs\roda\Library\lib\jvm\bin;c:\Users\brand\anaconda3\envs\roda\Lib\site-packages\scipy\_lib;c:\Users\brand\anaconda3\envs\roda\Lib\site-packages\scipy\sparse;c:\Users\brand\anaconda3\envs\roda\Lib\site-packages\scipy\linalg;c:\Users\brand\anaconda3\envs\roda\Lib\site-packages\scipy\sparse\linalg\_dsolve;c:\Users\brand\anaconda3\envs\roda\Lib\site-packages\scipy\sparse\linalg\_eigen\arpack;c:\Users\brand\anaconda3\envs\roda\Lib\site-packages\scipy\sparse\linalg\_propack;c:\Users\brand\anaconda3\envs\roda\Lib\site-packages\scipy\sparse\csgraph;c:\Users\brand\anaconda3\envs\roda\Lib\site-packages\scipy\special;c:\Users\brand\anaconda3\envs\roda\Lib\site-packages\scipy\spatial;c:\Users\brand\anaconda3\envs\roda\Lib\site-packages\scipy\spatial\transform;c:\Users\brand\anaconda3\envs\roda\Lib\site-packages\scipy\optimize;c:\Users\brand\anaconda3\envs\roda\Lib\site-packages\scipy\optimize\_trlib;c:\Users\brand\anaconda3\envs\roda\Lib\site-packages\scipy\optimize\_lsq;c:\Users\brand\anaconda3\envs\roda\Lib\site-packages\scipy\optimize\_highspy;c:\Users\brand\anaconda3\envs\roda\Lib\site-packages\scipy\_lib\_uarray;c:\Users\brand\anaconda3\envs\roda\Lib\site-packages\scipy\fft\_pocketfft;c:\Users\brand\anaconda3\envs\roda\Lib\site-packages\scipy\integrate;c:\Users\brand\anaconda3\envs\roda\Lib\site-packages\scipy\interpolate;c:\Users\brand\anaconda3\envs\roda\Lib\site-packages\scipy\stats;c:\Users\brand\anaconda3\envs\roda\Lib\site-packages\scipy\stats\_levy_stable;c:\Users\brand\anaconda3\envs\roda\Lib\site-packages\scipy\stats\_rcont;c:\Users\brand\anaconda3\envs\roda\Lib\site-packages\scipy\ndimage;c:\Users\brand\anaconda3\envs\roda\Lib\site-packages\sklearn\utils;c:\Users\brand\anaconda3\envs\roda\Lib\site-packages\sklearn\metrics\cluster;c:\Users\brand\anaconda3\envs\roda\Lib\site-packages\sklearn\preprocessing;c:\Users\brand\anaconda3\envs\roda\Lib\site-packages\sklearn\metrics;c:\Users\brand\anaconda3\envs\roda\Lib\site-packages\sklearn\metrics\_pairwise_distances_reduction;c:\Users\brand\anaconda3\envs\roda\Lib\site-packages\sklearn\cluster;c:\Users\brand\anaconda3\envs\roda\Lib\site-packages\sklearn\neighbors;c:\Users\brand\anaconda3\envs\roda\Lib\site-packages\sklearn\linear_model;c:\Users\brand\anaconda3\envs\roda\Lib\site-packages\sklearn\_loss;c:\Users\brand\anaconda3\envs\roda\Lib\site-packages\sklearn\svm;c:\Users\brand\anaconda3\envs\roda\Lib\site-packages\sklearn\decomposition;c:\Users\brand\anaconda3\envs\roda\Lib\site-packages\sklearn\cluster\_hdbscan;c:\Users\brand\anaconda3\envs\roda\Lib\site-packages\sklearn;c:\Users\brand\anaconda3\envs\roda\Lib\site-packages\sklearn\manifold;c:\Users\brand\anaconda3\envs\roda\Lib\site-packages\sklearn\tree;c:\Users\brand\anaconda3\envs\roda\Lib\site-packages\rasterio;c:\Users\brand\anaconda3\envs\roda\Lib\site-packages\simplification;c:\Users\brand\anaconda3\envs\roda\Lib\site-packages\fiona;c:\Users\brand\anaconda3\envs\roda\Lib\site-packages\statsmodels\robust;c:\Users\brand\anaconda3\envs\roda\Lib\site-packages\matplotlib\backends;c:\Users\brand\anaconda3\envs\roda\Lib\site-packages\pyogrio

VM Arguments:
jvm_args: -Xmx13586471322 -XX:+RestoreMXCSROnJNICalls -Xcheck:jni -Xrs -Duser.language=en -Duser.country=US -Duser.variant= -Djava.io.tmpdir=C:\Users\brand\AppData\Local\Temp\r5pyrlpk67sr 
java_command: <unknown>
java_class_path (initial): C:\Users\brand\AppData\Local\r5py\r5-v7.4-r5py-all.jar;c:\Users\brand\anaconda3\envs\roda\Lib\site-packages\org.jpype.jar
Launcher Type: generic

[Global flags]
     intx CICompilerCount                          = 4                                         {product} {ergonomic}
     uint ConcGCThreads                            = 3                                         {product} {ergonomic}
     uint G1ConcRefinementThreads                  = 10                                        {product} {ergonomic}
   size_t G1HeapRegionSize                         = 8388608                                   {product} {ergonomic}
   size_t InitialHeapSize                          = 268435456                                 {product} {ergonomic}
   size_t MarkStackSize                            = 4194304                                   {product} {ergonomic}
   size_t MarkStackSizeMax                         = 536870912                                 {product} {ergonomic}
   size_t MaxHeapSize                              = 13589544960                               {product} {command line, ergonomic}
   size_t MaxNewSize                               = 8153726976                                {product} {ergonomic}
   size_t MinHeapDeltaBytes                        = 8388608                                   {product} {ergonomic}
   size_t MinHeapSize                              = 8388608                                   {product} {ergonomic}
    uintx NonNMethodCodeHeapSize                   = 5832704                                {pd product} {ergonomic}
    uintx NonProfiledCodeHeapSize                  = 122945536                              {pd product} {ergonomic}
    uintx ProfiledCodeHeapSize                     = 122880000                              {pd product} {ergonomic}
     bool ReduceSignalUsage                        = true                                      {product} {command line}
    uintx ReservedCodeCacheSize                    = 251658240                              {pd product} {ergonomic}
     bool RestoreMXCSROnJNICalls                   = true                                      {product} {command line}
     bool SegmentedCodeCache                       = true                                      {product} {ergonomic}
   size_t SoftMaxHeapSize                          = 13589544960                            {manageable} {ergonomic}
     bool UseCompressedOops                        = true                           {product lp64_product} {ergonomic}
     bool UseG1GC                                  = true                                      {product} {ergonomic}
     bool UseLargePagesIndividualAllocation        = false                                  {pd product} {ergonomic}

Logging:
Log output configuration:
 #0: stdout all=warning uptime,level,tags foldmultilines=false
 #1: stderr all=off uptime,level,tags foldmultilines=false

Environment Variables:
JAVA_HOME=C:\Users\brand\anaconda3\envs\roda\Library
PATH=c:\Users\brand\anaconda3\envs\roda;C:\Users\brand\anaconda3\envs\roda;C:\Users\brand\anaconda3\envs\roda\Library\mingw-w64\bin;C:\Users\brand\anaconda3\envs\roda\Library\usr\bin;C:\Users\brand\anaconda3\envs\roda\Library\bin;C:\Users\brand\anaconda3\envs\roda\Scripts;C:\Users\brand\anaconda3\envs\roda\bin;C:\Users\brand\AppData\Local\Temp\_MEI308962\pywin32_system32;C:\Program Files\NVIDIA GPU Computing Toolkit\CUDA\v12.6\bin;C:\Program Files\NVIDIA GPU Computing Toolkit\CUDA\v12.6\libnvvp;C:\Windows\system32;C:\Windows;C:\Windows\System32\Wbem;C:\Windows\System32\WindowsPowerShell\v1.0\;C:\Windows\System32\OpenSSH\;C:\Program Files (x86)\NVIDIA Corporation\PhysX\Common;C:\WINDOWS\system32;C:\WINDOWS;C:\WINDOWS\System32\Wbem;C:\WINDOWS\System32\WindowsPowerShell\v1.0\;C:\WINDOWS\System32\OpenSSH\;C:\Program Files\dotnet\;C:\Program Files (x86)\dotnet\;C:\Program Files\Git\cmd;C:\Program Files (x86)\ZeroTier\One\;C:\Program Files (x86)\Windows Kits\10\Windows Performance Toolkit\;C:\Users\brand\anaconda3;C:\Users\brand\anaconda3\Scripts;C:\Users\brand\anaconda3\Library\bin;C:\Program Files\NVIDIA Corporation\Nsight Compute 2024.3.0\;;C:\Program Files\NVIDIA Corporation\NVIDIA App\NvDLISR;C:\Users\brand\AppData\Local\Microsoft\WindowsApps;C:\Users\brand\AppData\Local\GitHubDesktop\bin;C:\Users\brand\anaconda3\envs\roda\Library\bin;C:\Users\brand\AppData\Local\Programs\Microsoft VS Code\bin;
USERNAME=brand
TERM=xterm-color
OS=Windows_NT
PROCESSOR_IDENTIFIER=Intel64 Family 6 Model 158 Stepping 10, GenuineIntel
TMP=C:\Users\brand\AppData\Local\Temp
TEMP=C:\Users\brand\AppData\Local\Temp




Periodic native trim disabled

---------------  S Y S T E M  ---------------

OS:
 Windows 11 , 64 bit Build 26100 (10.0.26100.4768)
OS uptime: 0 days 16:57 hours
Hyper-V role detected

CPU: total 12 (initial active 12) (6 cores per cpu, 2 threads per core) family 6 model 158 stepping 10 microcode 0xf4, cx8, cmov, fxsr, ht, mmx, 3dnowpref, sse, sse2, sse3, ssse3, sse4.1, sse4.2, popcnt, lzcnt, tsc, tscinvbit, avx, avx2, aes, erms, clmul, bmi1, bmi2, adx, fma, vzeroupper, clflush, clflushopt, hv, rdtscp, f16c
Processor Information for the first 12 processors :
  Max Mhz: 2592, Current Mhz: 2592, Mhz Limit: 2592

Memory: 4k page, system-wide physical 16196M (1258M free)
TotalPageFile size 36559M (AvailPageFile size 1006M)
current process WorkingSet (physical memory assigned to process): 2667M, peak: 2670M
current process commit charge ("private bytes"): 6018M, peak: 6046M

vm_info: OpenJDK 64-Bit Server VM (23.0.2+7) for windows-amd64 JRE (23.0.2+7) (Zulu23.32+11-CA), built on 2024-12-23T17:34:43Z with MS VC++ 17.1 (VS2022)

END.
